-- phpMyAdmin SQL Dump
-- version 4.5.1
-- http://www.phpmyadmin.net
--
-- Servidor: 127.0.0.1
-- Tiempo de generación: 18-11-2018 a las 01:44:07
-- Versión del servidor: 10.1.13-MariaDB
-- Versión de PHP: 5.5.34

SET SQL_MODE = "NO_AUTO_VALUE_ON_ZERO";
SET time_zone = "+00:00";


/*!40101 SET @OLD_CHARACTER_SET_CLIENT=@@CHARACTER_SET_CLIENT */;
/*!40101 SET @OLD_CHARACTER_SET_RESULTS=@@CHARACTER_SET_RESULTS */;
/*!40101 SET @OLD_COLLATION_CONNECTION=@@COLLATION_CONNECTION */;
/*!40101 SET NAMES utf8mb4 */;

--
-- Base de datos: `concecionario`
--

-- --------------------------------------------------------

--
-- Estructura de tabla para la tabla `clientes`
--

CREATE TABLE `clientes` (
  `id_cliente` int(11) NOT NULL,
  `cedula` int(9) NOT NULL,
  `nombre` varchar(50) NOT NULL,
  `nombre_2` varchar(50) NOT NULL,
  `apellido` varchar(50) NOT NULL,
  `apellido_2` varchar(50) NOT NULL,
  `estado` varchar(50) NOT NULL,
  `municipio` varchar(50) NOT NULL,
  `parroquia` varchar(50) NOT NULL,
  `ciudad` varchar(50) NOT NULL,
  `direccion` text NOT NULL,
  `fecha_nac` varchar(10) NOT NULL,
  `sexo` varchar(1) NOT NULL,
  `telefono` varchar(14) NOT NULL,
  `celular` varchar(14) NOT NULL,
  `correo` varchar(100) NOT NULL,
  `estatus` varchar(50) NOT NULL,
  `concecionario` varchar(50) NOT NULL
) ENGINE=InnoDB DEFAULT CHARSET=latin1;

--
-- Volcado de datos para la tabla `clientes`
--

INSERT INTO `clientes` (`id_cliente`, `cedula`, `nombre`, `nombre_2`, `apellido`, `apellido_2`, `estado`, `municipio`, `parroquia`, `ciudad`, `direccion`, `fecha_nac`, `sexo`, `telefono`, `celular`, `correo`, `estatus`, `concecionario`) VALUES
(27, 22029200, 'MIGUELANGELS', 'MIGUELANGELS', 'ZAMBRANOS', 'ZAMBRANOS', '4', '401', '40102', 'CARACASAAAA', 'ADSSSAAA', '17/11/2018', '1', '0412-581-88-64', '0412-581-88-64', 'MIGUE.MZR5@GMAIL.COMAA', 'Inactivo', '2'),
(28, 22029202, 'MIGUELANGEL', 'MIGUELANGEL', 'ZAMBRANO', 'ZAMBRANO', '1', '101', '10101', 'CARACAS', 'AV. ANDRÃ‰S BELLO, CENTRO ANDRÃ‰S BELLO, TORRE ESTE, PISO 1, OFICINA 12E, URB. MARIPÃ‰REZ, CARACAS - VENEZUELA', '17/11/2018', '2', '4125-818-86-4', '', 'MIGUE.MZR5@GMAIL.COM', 'activo', '0');

-- --------------------------------------------------------

--
-- Estructura de tabla para la tabla `concecionarios`
--

CREATE TABLE `concecionarios` (
  `id_concecionario` int(11) NOT NULL,
  `nombre_concecionario` varchar(50) NOT NULL
) ENGINE=InnoDB DEFAULT CHARSET=latin1;

--
-- Volcado de datos para la tabla `concecionarios`
--

INSERT INTO `concecionarios` (`id_concecionario`, `nombre_concecionario`) VALUES
(1, 'concecionario 1'),
(2, 'concecionario 2');

-- --------------------------------------------------------

--
-- Estructura de tabla para la tabla `estados`
--

CREATE TABLE `estados` (
  `codestado` int(10) UNSIGNED NOT NULL,
  `estado` varchar(45) DEFAULT NULL,
  `estatus` int(10) UNSIGNED DEFAULT NULL
) ENGINE=InnoDB DEFAULT CHARSET=latin1;

--
-- Volcado de datos para la tabla `estados`
--

INSERT INTO `estados` (`codestado`, `estado`, `estatus`) VALUES
(1, 'DISTRITO CAPITAL', 1),
(2, 'AMAZONAS', 1),
(3, 'ANZOÁTEGUI', 1),
(4, 'APURE', 1),
(5, 'ARAGUA', 1),
(6, 'BARINAS', 1),
(7, 'BOLÍVAR', 1),
(8, 'CARABOBO', 1),
(9, 'COJEDES', 1),
(10, 'DELTA AMACURO', 1),
(11, 'FALCÓN', 1),
(12, 'GUARICO', 1),
(13, 'LARA', 1),
(14, 'MÉRIDA', 1),
(15, 'MIRANDA', 1),
(16, 'MONAGAS', 1),
(17, 'NUEVA ESPARTA', 1),
(18, 'PORTUGUESA', 1),
(19, 'SUCRE', 1),
(20, 'TÁCHIRA', 1),
(21, 'TRUJILLO', 1),
(22, 'YARACUY', 1),
(23, 'ZULIA', 1),
(24, 'VARGAS', 1);

-- --------------------------------------------------------

--
-- Estructura de tabla para la tabla `miembros`
--

CREATE TABLE `miembros` (
  `id_miembros` int(11) NOT NULL,
  `nombre_completo` varchar(50) NOT NULL,
  `usuario` varchar(50) NOT NULL,
  `userpass` varchar(50) NOT NULL,
  `tipo` int(11) NOT NULL
) ENGINE=InnoDB DEFAULT CHARSET=latin1;

--
-- Volcado de datos para la tabla `miembros`
--

INSERT INTO `miembros` (`id_miembros`, `nombre_completo`, `usuario`, `userpass`, `tipo`) VALUES
(2, 'Miguelangel Zambrano', '22029202', '827ccb0eea8a706c4c34a16891f84e7b', 1),
(4, 'Administrador', 'Admin', '827ccb0eea8a706c4c34a16891f84e7b', 1);

-- --------------------------------------------------------

--
-- Estructura de tabla para la tabla `municipios`
--

CREATE TABLE `municipios` (
  `codmunicipio` int(4) UNSIGNED NOT NULL,
  `codestado` int(4) UNSIGNED NOT NULL DEFAULT '0',
  `municipio` varchar(50) DEFAULT NULL,
  `capital` varchar(50) DEFAULT NULL,
  `estatus` int(1) DEFAULT '1'
) ENGINE=InnoDB DEFAULT CHARSET=latin1;

--
-- Volcado de datos para la tabla `municipios`
--

INSERT INTO `municipios` (`codmunicipio`, `codestado`, `municipio`, `capital`, `estatus`) VALUES
(101, 1, 'LIBERTADOR', 'CARACAS', 1),
(201, 2, 'AUTÓNOMO ALTO ORINOCO', 'LA ESMERALDA', 1),
(202, 2, 'AUTÓNOMO ATABAPO', 'SAN FERNANDO DE ATABAPO', 1),
(203, 2, 'AUTÓNOMO ATURES', 'PUERTO AYACUCHO', 1),
(204, 2, 'AUTÓNOMO AUTANA', 'ISLA RATÓN', 1),
(205, 2, 'AUTÓNOMO MAROA', 'MAROA', 1),
(206, 2, 'AUTÓNOMO MANAPIARE', 'SAN JUAN DE MANAPIARE', 1),
(207, 2, 'AUTÓNOMO RÍO NEGRO', 'SAN CARLOS DE RÍO NEGRO', 1),
(301, 3, 'ANACO', 'ANACO', 1),
(302, 3, 'ARAGUA', 'ARAGUA DE BARCELONA', 1),
(303, 3, 'FERNANDO DE PEÑALVER', 'PUERTO PÍRITU', 1),
(304, 3, 'FRANCISCO DEL CARMEN CARVAJAL', 'VALLE DE GUANAPE', 1),
(305, 3, 'FRANCISCO DE MIRANDA', 'PARIAGUÁN', 1),
(306, 3, 'GUANTA', 'GUANTA', 1),
(307, 3, 'INDEPENDENCIA', 'SOLEDAD', 1),
(308, 3, 'JUAN ANTONIO SOTILLO', 'PUERTO LA CRUZ', 1),
(309, 3, 'JUAN MANUEL CAJIGAL', 'ONOTO', 1),
(310, 3, 'JOSÉ GREGORIO MONAGAS', 'MAPIRE', 1),
(311, 3, 'LIBERTAD', 'SAN MATEO', 1),
(312, 3, 'MANUEL EZEQUIEL BRUZUAL', 'CLARINES', 1),
(313, 3, 'PEDRO MARÍA FREITES', 'CANTAURA', 1),
(314, 3, 'PÍRITU', 'PÍRITU', 1),
(315, 3, 'SAN JOSÉ DE GUANIPA', 'SAN JOSÉ DE GUANIPA (EL TIGRITO)', 1),
(316, 3, 'SAN JUAN DE CAPISTRANO', 'BOCA DE UCHIRE', 1),
(317, 3, 'SANTA ANA', 'SANTA ANA', 1),
(318, 3, 'SIMÓN BOLÍVAR', 'BARCELONA', 1),
(319, 3, 'SIMÓN RODRÍGUEZ', 'EL TIGRE', 1),
(320, 3, 'SIR ARTHUR MC GREGOR', 'EL CHAPARRO', 1),
(321, 3, 'TURÍSTICO DIEGO BAUTISTA URBANEJA', 'LECHERÍAS', 1),
(401, 4, 'ACHAGUAS', 'ACHAGUAS', 1),
(402, 4, 'BIRUACA', 'BIRUACA', 1),
(403, 4, 'MUÑOZ', 'BRUZUAL', 1),
(404, 4, 'PÁEZ', 'GUASDUALITO', 1),
(405, 4, 'PEDRO CAMEJO', 'SAN JUAN DE PAYARA', 1),
(406, 4, 'RÓMULO GALLEGOS', 'ELORZA', 1),
(407, 4, 'SAN FERNANDO', 'SAN FERNANDO DE APURE', 1),
(501, 5, 'BOLÍVAR', 'SAN MATEO', 1),
(502, 5, 'CAMATAGUA', 'CAMATAGUA', 1),
(503, 5, 'GIRARDOT', 'MARACAY', 1),
(504, 5, 'JOSÉ ANGEL LAMAS', 'SANTA CRUZ', 1),
(505, 5, 'JOSÉ FÉLIX RIBAS', 'LA VICTORIA', 1),
(506, 5, 'JOSÉ RAFAEL REVENGA', 'EL CONSEJO', 1),
(507, 5, 'LIBERTADOR', 'PALO NEGRO', 1),
(508, 5, 'MARIO BRICEÑO IRAGORRY', 'EL LIMÓN', 1),
(509, 5, 'SAN CASIMIRO', 'SAN CASIMIRO', 1),
(510, 5, 'SAN SEBASTIÁN', 'SAN SEBASTIÁN', 1),
(511, 5, 'SANTIAGO MARIÑO', 'TURMERO', 1),
(512, 5, 'SANTOS MICHELENA', 'LAS TEJERÍAS', 1),
(513, 5, 'SUCRE', 'CAGUA', 1),
(514, 5, 'TOVAR', 'LA COLONIA TOVAR', 1),
(515, 5, 'URDANETA', 'BARBACOAS', 1),
(516, 5, 'ZAMORA', 'VILLA DE CURA', 1),
(517, 5, 'FRANCISCO LINARES ALCÁNTARA', 'SANTA RITA', 1),
(518, 5, 'OCUMARE DE LA COSTA DE ORO', 'OCUMARE DE LA COSTA', 1),
(601, 6, 'ALBERTO ARVELO TORREALBA', 'SABANETA', 1),
(602, 6, 'ANTONIO JOSÉ DE SUCRE', 'SOCOPÓ', 1),
(603, 6, 'ARISMENDI', 'ARISMENDI', 1),
(604, 6, 'BARINAS', 'BARINAS', 1),
(605, 6, 'BOLÍVAR', 'BARINITAS', 1),
(606, 6, 'CRUZ PAREDES', 'BARRANCAS', 1),
(607, 6, 'EZEQUIEL ZAMORA', 'SANTA BÁRBARA', 1),
(608, 6, 'OBISPOS', 'OBISPOS', 1),
(609, 6, 'PEDRAZA', 'CIUDAD BOLIVIA', 1),
(610, 6, 'ROJAS', 'LIBERTAD', 1),
(611, 6, 'SOSA', 'CIUDAD DE NUTRIAS', 1),
(612, 6, 'ANDRÉS ELOY BLANCO', 'EL CANTÓN', 1),
(701, 7, 'CARONÍ', 'CIUDAD GUAYANA', 1),
(702, 7, 'CEDEÑO', 'CAICARA DEL ORINOCO', 1),
(703, 7, 'EL CALLAO', 'EL CALLAO', 1),
(704, 7, 'GRAN SABANA', 'SANTA ELENA DE UAIRÉN', 1),
(705, 7, 'HERES', 'CIUDAD BOLÍVAR', 1),
(706, 7, 'PIAR', 'UPATA', 1),
(707, 7, 'RAÚL LEONI', 'CIUDAD PIAR', 1),
(708, 7, 'ROSCIO', 'GUASIPATI', 1),
(709, 7, 'SIFONTES', 'TUMEREMO', 1),
(710, 7, 'SUCRE', 'MARIPA', 1),
(711, 7, 'PADRE PEDRO CHIEN', 'EL PALMAR', 1),
(801, 8, 'BEJUMA', 'BEJUMA', 1),
(802, 8, 'CARLOS ARVELO', 'GÜIGÜE', 1),
(803, 8, 'DIEGO IBARRA', 'MARIARA', 1),
(804, 8, 'GUACARA', 'GUACARA', 1),
(805, 8, 'JUAN JOSÉ MORA', 'MORÓN', 1),
(806, 8, 'LIBERTADOR', 'TOCUYITO', 1),
(807, 8, 'LOS GUAYOS', 'LOS GUAYOS', 1),
(808, 8, 'MIRANDA', 'MIRANDA', 1),
(809, 8, 'MONTALBÁN', 'MONTALBÁN', 1),
(810, 8, 'NAGUANAGUA', 'NAGUANAGUA', 1),
(811, 8, 'PUERTO CABELLO', 'PUERTO CABELLO', 1),
(812, 8, 'SAN DIEGO', 'SAN DIEGO', 1),
(813, 8, 'SAN JOAQUÍN', 'SAN JOAQUÍN', 1),
(814, 8, 'VALENCIA', 'VALENCIA', 1),
(901, 9, 'ANZOÁTEGUI', 'COJEDES', 1),
(902, 9, 'FALCÓN', 'TINAQUILLO', 1),
(903, 9, 'GIRARDOT', 'EL BAÚL', 1),
(904, 9, 'LIMA BLANCO', 'MACAPO', 1),
(905, 9, 'PAO DE SAN JUAN BAUTISTA', 'EL PAO', 1),
(906, 9, 'RICAURTE', 'LIBERTAD', 1),
(907, 9, 'RÓMULO GALLEGOS', 'LAS VEGAS', 1),
(908, 9, 'SAN CARLOS', 'SAN CARLOS', 1),
(909, 9, 'TINACO', 'TINACO', 1),
(1001, 10, 'ANTONIO DÍAZ', 'CURIAPO', 1),
(1002, 10, 'CASACOIMA', 'SIERRA IMATACA', 1),
(1003, 10, 'PEDERNALES', 'PEDERNALES', 1),
(1004, 10, 'TUCUPITA', 'TUCUPITA', 1),
(1101, 11, 'ACOSTA', 'SAN JUAN DE LOS CAYOS', 1),
(1102, 11, 'BOLÍVAR', 'SAN LUIS', 1),
(1103, 11, 'BUCHIVACOA', 'CAPATÁRIDA', 1),
(1104, 11, 'CACIQUE MANAURE', 'YARACAL', 1),
(1105, 11, 'CARIRUBANA', 'PUNTO FIJO', 1),
(1106, 11, 'COLINA', 'LA VELA DE CORO', 1),
(1107, 11, 'DABAJURO', 'DABAJURO', 1),
(1108, 11, 'DEMOCRACIA', 'PEDREGAL', 1),
(1109, 11, 'FALCÓN', 'PUEBLO NUEVO', 1),
(1110, 11, 'FEDERACIÓN', 'CHURUGUARA', 1),
(1111, 11, 'JACURA', 'JACURA', 1),
(1112, 11, 'LOS TAQUES', 'SANTA CRUZ DE LOS TAQUES', 1),
(1113, 11, 'MAUROA', 'MENE DE MAUROA', 1),
(1114, 11, 'MIRANDA', 'SANTA ANA DE CORO', 1),
(1115, 11, 'MONSEÑOR ITURRIZA', 'CHICHIRIVICHE', 1),
(1116, 11, 'PALMASOLA', 'PALMASOLA', 1),
(1117, 11, 'PETIT', 'CABURE', 1),
(1118, 11, 'PÍRITU', 'PÍRITU', 1),
(1119, 11, 'SAN FRANCISCO', 'MIRIMIRE', 1),
(1120, 11, 'SILVA', 'TUCACAS', 1),
(1121, 11, 'SUCRE', 'LA CRUZ DE TARATARA', 1),
(1122, 11, 'TOCÓPERO', 'TOCÓPERO', 1),
(1123, 11, 'UNIÓN', 'SANTA CRUZ DE BUCARAL', 1),
(1124, 11, 'URUMACO', 'URUMACO', 1),
(1125, 11, 'ZAMORA', 'PUERTO CUMAREBO', 1),
(1201, 12, 'CAMAGUÁN', 'CAMAGUÁN', 1),
(1202, 12, 'CHAGUARAMAS', 'CHAGUARAMAS', 1),
(1203, 12, 'EL SOCORRO', 'EL SOCORRO', 1),
(1204, 12, 'SAN GERÓNIMO DE GUAYABAL', 'GUAYABAL', 1),
(1205, 12, 'LEONARDO INFANTE', 'VALLE DE LA PASCUA', 1),
(1206, 12, 'LAS MERCEDES', 'LAS MERCEDES', 1),
(1207, 12, 'JULIÁN MELLADO', 'EL SOMBRERO', 1),
(1208, 12, 'FRANCISCO DE MIRANDA', 'CALABOZO', 1),
(1209, 12, 'JOSÉ TADEO MONAGAS', 'ALTAGRACIA DE ORITUCO', 1),
(1210, 12, 'ORTIZ', 'ORTIZ', 1),
(1211, 12, 'JOSÉ FÉLIX RIBAS', 'TUCUPIDO', 1),
(1212, 12, 'JUAN GERMÁN ROSCIO', 'SAN JUAN DE LOS MORROS', 1),
(1213, 12, 'SAN JOSÉ DE GUARIBE', 'SAN JOSÉ DE GUARIBE', 1),
(1214, 12, 'SANTA MARÍA DE IPIRE', 'SANTA MARÍA DE IPIRE', 1),
(1215, 12, 'PEDRO ZARAZA', 'ZARAZA', 1),
(1301, 13, 'ANDRÉS ELOY BLANCO', 'SANARE', 1),
(1302, 13, 'CRESPO', 'DUACA', 1),
(1303, 13, 'IRIBARREN', 'BARQUISIMETO', 1),
(1304, 13, 'JIMÉNEZ', 'QUÍBOR', 1),
(1305, 13, 'MORÁN', 'EL TOCUYO', 1),
(1306, 13, 'PALAVECINO', 'CABUDARE', 1),
(1307, 13, 'SIMÓN PLANAS', 'SARARE', 1),
(1308, 13, 'TORRES', 'CARORA', 1),
(1309, 13, 'URDANETA', 'SIQUISIQUE', 1),
(1401, 14, 'ALBERTO ADRIANI', 'EL VIGÍA', 1),
(1402, 14, 'ANDRÉS BELLO', 'LA AZULITA', 1),
(1403, 14, 'ANTONIO PINTO SALINAS', 'SANTA CRUZ DE MORA', 1),
(1404, 14, 'ARICAGUA', 'ARICAGUA', 1),
(1405, 14, 'ARZOBISPO CHACÓN', 'CANAGUÁ', 1),
(1406, 14, 'CAMPO ELÍAS', 'EJIDO', 1),
(1407, 14, 'CARACCIOLO PARRA OLMEDO', 'TUCANÍ', 1),
(1408, 14, 'CARDENAL QUINTERO', 'SANTO DOMINGO', 1),
(1409, 14, 'GUARAQUE', 'GUARAQUE', 1),
(1410, 14, 'JULIO CÉSAR SALAS', 'ARAPUEY', 1),
(1411, 14, 'JUSTO BRICEÑO', 'TORONDOY', 1),
(1412, 14, 'LIBERTADOR', 'MÉRIDA', 1),
(1413, 14, 'MIRANDA', 'TIMOTES', 1),
(1414, 14, 'OBISPO RAMOS DE LORA', 'SANTA ELENA DE ARENALES', 1),
(1415, 14, 'PADRE NOGUERA', 'SANTA MARÍA DE CAPARO', 1),
(1416, 14, 'PUEBLO LLANO', 'PUEBLO LLANO', 1),
(1417, 14, 'RANGEL', 'MUCUCHÍES', 1),
(1418, 14, 'RIVAS DÁVILA', 'BAILADORES', 1),
(1419, 14, 'SANTOS MARQUINA', 'TABAY', 1),
(1420, 14, 'SUCRE', 'LAGUNILLAS', 1),
(1421, 14, 'TOVAR', 'TOVAR', 1),
(1422, 14, 'TULIO FEBRES CORDERO', 'NUEVA BOLIVIA', 1),
(1423, 14, 'ZEA', 'ZEA', 1),
(1501, 15, 'ACEVEDO', 'CAUCAGUA', 1),
(1502, 15, 'ANDRÉS BELLO', 'SAN JOSÉ DE BARLOVENTO', 1),
(1503, 15, 'BARUTA', 'NUESTRA SEÑORA DEL ROSARIO DE BARUTA', 1),
(1504, 15, 'BRIÓN', 'HIGUEROTE', 1),
(1505, 15, 'BUROZ', 'MAMPORAL', 1),
(1506, 15, 'CARRIZAL', 'CARRIZAL', 1),
(1507, 15, 'CHACAO', 'CHACAO', 1),
(1508, 15, 'CRISTÓBAL ROJAS', 'CHARALLAVE', 1),
(1509, 15, 'EL HATILLO', 'EL HATILLO', 1),
(1510, 15, 'GUAICAIPURO', 'LOS TEQUES', 1),
(1511, 15, 'INDEPENDENCIA', 'SANTA TERESA DEL TUY', 1),
(1512, 15, 'LANDER', 'OCUMARE DEL TUY', 1),
(1513, 15, 'LOS SALIAS', 'SAN ANTONIO DE LOS ALTOS', 1),
(1514, 15, 'PÁEZ', 'RÍO CHICO', 1),
(1515, 15, 'PAZ CASTILLO', 'SANTA LUCÍA', 1),
(1516, 15, 'PEDRO GUAL', 'CÚPIRA', 1),
(1517, 15, 'PLAZA', 'GUARENAS', 1),
(1518, 15, 'SIMÓN BOLÍVAR', 'SAN FRANCISCO DE YARE', 1),
(1519, 15, 'SUCRE', 'PETARE', 1),
(1520, 15, 'URDANETA', 'CÚA', 1),
(1521, 15, 'ZAMORA', 'GUATIRE', 1),
(1601, 16, 'ACOSTA', 'SAN ANTONIO', 1),
(1602, 16, 'AGUASAY', 'AGUASAY', 1),
(1603, 16, 'BOLÍVAR', 'CARIPITO', 1),
(1604, 16, 'CARIPE', 'CARIPE', 1),
(1605, 16, 'CEDEÑO', 'CAICARA', 1),
(1606, 16, 'EZEQUIEL ZAMORA', 'PUNTA DE MATA', 1),
(1607, 16, 'LIBERTADOR', 'TEMBLADOR', 1),
(1608, 16, 'MATURÍN', 'MATURÍN', 1),
(1609, 16, 'PIAR', 'ARAGUA', 1),
(1610, 16, 'PUNCERES', 'QUIRIQUIRE', 1),
(1611, 16, 'SANTA BÁRBARA', 'SANTA BÁRBARA', 1),
(1612, 16, 'SOTILLO', 'BARRACAS', 1),
(1613, 16, 'URACOA', 'URACOA', 1),
(1701, 17, 'ANTOLÍN DEL CAMPO', 'LA PLAZA DE PARAGUACHÍ', 1),
(1702, 17, 'ARISMENDI', 'LA ASUNCIÓN', 1),
(1703, 17, 'DÍAZ', 'SAN JUAN BAUTISTA', 1),
(1704, 17, 'GARCÍA', 'EL VALLE DEL ESPÍRITU SANTO', 1),
(1705, 17, 'GÓMEZ', 'SANTA ANA', 1),
(1706, 17, 'MANEIRO', 'PAMPATAR', 1),
(1707, 17, 'MARCANO', 'JUANGRIEGO', 1),
(1708, 17, 'MARIÑO', 'PORLAMAR', 1),
(1709, 17, 'PENÍNSULA DE MACANAO', 'BOCA DEL RÍO', 1),
(1710, 17, 'TUBORES', 'PUNTA DE PIEDRAS', 1),
(1711, 17, 'VILLALBA', 'SAN PEDRO DE COCHE', 1),
(1801, 18, 'AGUA BLANCA', 'AGUA BLANCA', 1),
(1802, 18, 'ARAURE', 'ARAURE', 1),
(1803, 18, 'ESTÉLLER', 'PÍRITU', 1),
(1804, 18, 'GUANARE', 'GUANARE', 1),
(1805, 18, 'GUANARITO', 'GUANARITO', 1),
(1806, 18, 'MONSEÑOR JOSÉ VICENTE DE UNDA', 'PARAÍSO DE CHABASQUÉN', 1),
(1807, 18, 'OSPINO', 'OSPINO', 1),
(1808, 18, 'PAÉZ', 'ACARIGUA', 1),
(1809, 18, 'PAPELÓN', 'PAPELÓN', 1),
(1810, 18, 'SAN GENARO DE BOCONOITO', 'BOCONOITO', 1),
(1811, 18, 'SAN RAFAEL DE ONOTO', 'SAN RAFAEL DE ONOTO', 1),
(1812, 18, 'SANTA ROSALÍA', 'EL PLAYÓN', 1),
(1813, 18, 'SUCRE', 'BISCUCUY', 1),
(1814, 18, 'TURÉN', 'VILLA BRUZUAL', 1),
(1901, 19, 'ANDRÉS ELOY BLANCO', 'CASANAY', 1),
(1902, 19, 'ANDRÉS MATA', 'SAN JOSÉ DE AEROCUAR', 1),
(1903, 19, 'ARISMENDI', 'RÍO CARIBE', 1),
(1904, 19, 'BENÍTEZ', 'EL PILAR', 1),
(1905, 19, 'BERMÚDEZ', 'CARÚPANO', 1),
(1906, 19, 'BOLÍVAR', 'MARIGÜITAR', 1),
(1907, 19, 'CAJIGAL', 'YAGUARAPARO', 1),
(1908, 19, 'CRUZ SALMERÓN ACOSTA', 'ARAYA', 1),
(1909, 19, 'LIBERTADOR', 'TUNAPUY', 1),
(1910, 19, 'MARIÑO', 'IRAPA', 1),
(1911, 19, 'MEJÍA', 'SAN ANTONIO DEL GOLFO', 1),
(1912, 19, 'MONTES', 'CUMANACOA', 1),
(1913, 19, 'RIBERO', 'CARIACO', 1),
(1914, 19, 'SUCRE', 'CUMANÁ', 1),
(1915, 19, 'VALDEZ', 'GÜIRIA', 1),
(2001, 20, 'ANDRÉS BELLO', 'CORDERO', 1),
(2002, 20, 'ANTONIO RÓMULO COSTA', 'LAS MESAS', 1),
(2003, 20, 'AYACUCHO', 'COLÓN', 1),
(2004, 20, 'BOLÍVAR', 'SAN ANTONIO DEL TÁCHIRA', 1),
(2005, 20, 'CÁRDENAS', 'TÁRIBA', 1),
(2006, 20, 'CÓRDOBA', 'SANTA ANA', 1),
(2007, 20, 'FERNÁNDEZ FEO', 'SAN RAFAEL DEL PIÑAL', 1),
(2008, 20, 'FRANCISCO DE MIRANDA', 'SAN JOSÉ DE BOLÍVAR', 1),
(2009, 20, 'GARCÍA DE HEVIA', 'LA FRÍA', 1),
(2010, 20, 'GUÁSIMOS', 'PALMIRA', 1),
(2011, 20, 'INDEPENDENCIA', 'CAPACHO NUEVO', 1),
(2012, 20, 'JÁUREGUI', 'LA GRITA', 1),
(2013, 20, 'JOSÉ MARÍA VARGAS', 'EL COBRE', 1),
(2014, 20, 'JUNÍN', 'RUBIO', 1),
(2015, 20, 'LIBERTAD', 'CAPACHO VIEJO', 1),
(2016, 20, 'LIBERTADOR', 'ABEJALES', 1),
(2017, 20, 'LOBATERA', 'LOBATERA', 1),
(2018, 20, 'MICHELENA', 'MICHELENA', 1),
(2019, 20, 'PANAMERICANO', 'COLONCITO', 1),
(2020, 20, 'PEDRO MARÍA UREÑA', 'UREÑA', 1),
(2021, 20, 'RAFAEL URDANETA', 'DELICIAS', 1),
(2022, 20, 'SAMUEL DARIO MALDONADO', 'LA TENDIDA', 1),
(2023, 20, 'SAN CRISTÓBAL', 'SAN CRISTÓBAL', 1),
(2024, 20, 'SEBORUCO', 'SEBORUCO', 1),
(2025, 20, 'SIMÓN RODRÍGUEZ', 'SAN SIMÓN', 1),
(2026, 20, 'SUCRE', 'QUENIQUEA', 1),
(2027, 20, 'TORBES', 'SAN JOSECITO', 1),
(2028, 20, 'URIBANTE', 'PREGONERO', 1),
(2029, 20, 'SAN JUDAS TADEO', 'UMUQUENA', 1),
(2101, 21, 'ANDRÉS BELLO', 'SANTA ISABEL', 1),
(2102, 21, 'BOCONÓ', 'BOCONÓ', 1),
(2103, 21, 'BOLÍVAR', 'SABANA GRANDE', 1),
(2104, 21, 'CANDELARIA', 'CHEJENDÉ', 1),
(2105, 21, 'CARACHE', 'CARACHE', 1),
(2106, 21, 'ESCUQUE', 'ESCUQUE', 1),
(2107, 21, 'JOSÉ FELIPE MÁRQUEZ CAÑIZALES', 'EL PARADERO', 1),
(2108, 21, 'JUAN VICENTE CAMPO ELÍAS', 'CAMPO ELÍAS', 1),
(2109, 21, 'LA CEIBA', 'SANTA APOLONIA', 1),
(2110, 21, 'MIRANDA', 'EL DIVIDIVE', 1),
(2111, 21, 'MONTE CARMELO', 'MONTE CARMELO', 1),
(2112, 21, 'MOTATÁN', 'MOTATÁN', 1),
(2113, 21, 'PAMPÁN', 'PAMPÁN', 1),
(2114, 21, 'PAMPANITO', 'PAMPANITO', 1),
(2115, 21, 'RAFAEL RANGEL', 'BETIJOQUE', 1),
(2116, 21, 'SAN RAFAEL DE CARVAJAL', 'CARVAJAL', 1),
(2117, 21, 'SUCRE', 'SABANA DE MENDOZA', 1),
(2118, 21, 'TRUJILLO', 'TRUJILLO', 1),
(2119, 21, 'URDANETA', 'LA QUEBRADA', 1),
(2120, 21, 'VALERA', 'VALERA', 1),
(2201, 22, 'ARÍSTIDES BASTIDAS', 'SAN PABLO', 1),
(2202, 22, 'BOLÍVAR', 'AROA', 1),
(2203, 22, 'BRUZUAL', 'CHIVACOA', 1),
(2204, 22, 'COCOROTE', 'COCOROTE', 1),
(2205, 22, 'INDEPENDENCIA', 'INDEPENDENCIA', 1),
(2206, 22, 'JOSÉ ANTONIO PÁEZ', 'SABANA DE PARRA', 1),
(2207, 22, 'LA TRINIDAD', 'BORAURE', 1),
(2208, 22, 'MANUEL MONGE', 'YUMARE', 1),
(2209, 22, 'NIRGUA', 'NIRGUA', 1),
(2210, 22, 'PEÑA', 'YARAGUITA', 1),
(2211, 22, 'SAN FELIPE', 'SAN FELIPE', 1),
(2212, 22, 'SUCRE', 'GUAMA', 1),
(2213, 22, 'URARICHE', 'URACHIRE', 1),
(2214, 22, 'VEROES', 'FARRIAR', 1),
(2301, 23, 'ALMIRANTE PADILLA', 'EL TORO', 1),
(2302, 23, 'BARALT', 'SAN TIMOTEO', 1),
(2303, 23, 'CABIMAS', 'CABIMAS', 1),
(2304, 23, 'CATATUMBO', 'ENCONTRADOS', 1),
(2305, 23, 'COLÓN', 'SAN CARLOS DEL ZULIA', 1),
(2306, 23, 'FRANCISCO JAVIER PULGAR', 'PUEBLO NUEVO EL CHIVO', 1),
(2307, 23, 'JESÚS ENRIQUE LOZADA', 'LA CONCEPCIÓN', 1),
(2308, 23, 'JESÚS MARÍA SEMPRÚN', 'CASIGUA EL CUBO', 1),
(2309, 23, 'LA CAÑADA DE URDANETA', 'CONCEPCIÓN', 1),
(2310, 23, 'LAGUNILLAS', 'CIUDAD OJEDA', 1),
(2311, 23, 'MACHIQUES DE PERIJÁ', 'MACHIQUES', 1),
(2312, 23, 'MARA', 'SAN RAFAEL DE EL MOJÁN', 1),
(2313, 23, 'MARACAIBO', 'MARACAIBO', 1),
(2314, 23, 'MIRANDA', 'LOS PUERTOS DE ALTAGRACIA', 1),
(2315, 23, 'PÁEZ', 'SINAMAICA', 1),
(2316, 23, 'ROSARIO DE PERIJÁ', 'LA VILLA DEL ROSARIO', 1),
(2317, 23, 'SAN FRANCISCO', 'SAN FRANCISCO', 1),
(2318, 23, 'SANTA RITA', 'SANTA RITA', 1),
(2319, 23, 'SIMÓN BOLÍVAR', 'TÍA JUANA', 1),
(2320, 23, 'SUCRE', 'BOBURES', 1),
(2321, 23, 'VALMORE RODRÍGUEZ', 'BACHAQUERO', 1),
(2401, 24, 'VARGAS', 'LA GUAIRA', 1);

-- --------------------------------------------------------

--
-- Estructura de tabla para la tabla `parroquias`
--

CREATE TABLE `parroquias` (
  `codparroquia` int(4) UNSIGNED NOT NULL,
  `codestado` int(4) UNSIGNED NOT NULL DEFAULT '0',
  `codmunicipio` int(4) UNSIGNED NOT NULL DEFAULT '0',
  `parroquia` varchar(50) DEFAULT NULL,
  `estatus` int(10) UNSIGNED DEFAULT NULL
) ENGINE=InnoDB DEFAULT CHARSET=latin1;

--
-- Volcado de datos para la tabla `parroquias`
--

INSERT INTO `parroquias` (`codparroquia`, `codestado`, `codmunicipio`, `parroquia`, `estatus`) VALUES
(10101, 1, 101, 'ALTAGRACIA', 1),
(10102, 1, 101, 'ANTÍMANO', 1),
(10103, 1, 101, 'CANDELARIA', 1),
(10104, 1, 101, 'CARICUAO', 1),
(10105, 1, 101, 'CATEDRAL', 1),
(10106, 1, 101, 'COCHE', 1),
(10107, 1, 101, 'EL JUNQUITO', 1),
(10108, 1, 101, 'EL PARAÍSO', 1),
(10109, 1, 101, 'EL RECREO', 1),
(10110, 1, 101, 'EL VALLE', 1),
(10111, 1, 101, 'LA PASTORA', 1),
(10112, 1, 101, 'LA VEGA', 1),
(10113, 1, 101, 'MACARAO', 1),
(10114, 1, 101, 'SAN AGUSTÍN', 1),
(10115, 1, 101, 'SAN BERNARDINO', 1),
(10116, 1, 101, 'SAN JOSÉ', 1),
(10117, 1, 101, 'SAN JUAN', 1),
(10118, 1, 101, 'SAN PEDRO', 1),
(10119, 1, 101, 'SANTA ROSALÍA', 1),
(10120, 1, 101, 'SANTA TERESA', 1),
(10121, 1, 101, 'SUCRE', 1),
(10122, 1, 101, '23 DE ENERO', 1),
(20101, 2, 201, 'CAPITAL ALTO ORINOCO', 1),
(20201, 2, 202, 'UCATA', 1),
(20202, 2, 203, 'FERNANDO GIRÓN TOVAR', 1),
(20303, 2, 203, 'PARHUEÑA', 1),
(20304, 2, 203, 'PLATANILLAL', 1),
(20401, 2, 204, 'SAMARIAPO', 1),
(20501, 2, 205, 'VICTORINO', 1),
(20601, 2, 206, 'ALTO VENTUARI', 1),
(20701, 2, 207, 'CAPITAL RÍO NEGRO', 1),
(30101, 3, 301, 'CAPITAL ANACO', 1),
(30102, 3, 301, 'SAN JOAQUÍN', 1),
(30201, 3, 302, 'CAPITAL ARAGUA', 1),
(30202, 3, 302, 'CACHIPO', 1),
(30301, 3, 303, 'CAPITAL FERNANDO DE PEÑALVER', 1),
(30302, 3, 303, 'SAN MIGUEL', 1),
(30303, 3, 303, 'SUCRE', 1),
(30401, 3, 304, 'VALLE DE GUANAPE', 1),
(30402, 3, 304, 'SANTA BÁRBARA', 1),
(30501, 3, 305, 'CAPITAL FRANCISCO DE MIRANDA', 1),
(30502, 3, 305, 'ATAPIRIRE', 1),
(30503, 3, 305, 'BOCA DEL PAO', 1),
(30504, 3, 305, 'EL PAO', 1),
(30601, 3, 306, 'GUANTA', 1),
(30602, 3, 306, 'CHORRERÓN', 1),
(30701, 3, 307, 'CAPITAL INDEPENDENCIA', 1),
(30702, 3, 307, 'MAMO', 1),
(30801, 3, 308, 'CAPITAL PUERTO LA CRUZ', 1),
(30802, 3, 308, 'POZUELOS', 1),
(30901, 3, 309, 'CAPITAL ONOTO', 1),
(30902, 3, 309, 'SAN PABLO', 1),
(31001, 3, 310, 'CAPITAL JOSÉ GREGORIO MONAGAS', 1),
(31002, 3, 310, 'PIAR', 1),
(31003, 3, 310, 'SAN DIEGO DE CABRUTICA', 1),
(31004, 3, 310, 'SANTA CLARA', 1),
(31005, 3, 310, 'UVERITO', 1),
(31006, 3, 310, 'ZUATA', 1),
(31101, 3, 311, 'CAPITAL LIBERTAD', 1),
(31102, 3, 311, 'EL CARITO', 1),
(31103, 3, 311, 'SANTA INÚS', 1),
(31201, 3, 312, 'CAPITAL CLARINES', 1),
(31202, 3, 312, 'GUANAPE', 1),
(31203, 3, 312, 'SABANA DE UCHIRE', 1),
(31301, 3, 313, 'CAPITAL PEDRO MARÍA FREITES', 1),
(31302, 3, 313, 'LIBERTADOR', 1),
(31303, 3, 313, 'SANTA ROSA', 1),
(31304, 3, 313, 'URICA', 1),
(31401, 3, 314, 'CAPITAL PÍRITU', 1),
(31402, 3, 314, 'SAN FRANCISCO', 1),
(31501, 3, 315, 'CAPITAL SAN JOSÉ DE GUANIPA', 1),
(31601, 3, 316, 'CAPITAL BOCA DE UCHIRE', 1),
(31602, 3, 316, 'BOCA DE CHÁVEZ', 1),
(31701, 3, 317, 'CAPITAL SANTA ANA', 1),
(31702, 3, 317, 'PUEBLO NUEVO', 1),
(31801, 3, 318, 'EL CARMEN', 1),
(31802, 3, 318, 'SAN CRISTÓBAL', 1),
(31803, 3, 318, 'BERGANTÍN', 1),
(31804, 3, 318, 'CAIGUA', 1),
(31805, 3, 318, 'EL PILAR', 1),
(31806, 3, 318, 'NARICUAL', 1),
(31901, 3, 319, 'PARROQUIA CAPITAL SIMÓN RODRÍGUEZ', 1),
(32001, 3, 320, 'EL CHAPARRO', 1),
(32002, 3, 320, 'TOMÁS ALFARO CALATRAVA', 1),
(32101, 3, 321, 'LECHERÍAS', 1),
(32102, 3, 321, 'EL MORRO', 1),
(40101, 4, 401, 'URBANA ACHAGUAS', 1),
(40102, 4, 401, 'APURITO', 1),
(40103, 4, 401, 'EL YAGUAL', 1),
(40104, 4, 401, 'GUACHARA', 1),
(40105, 4, 401, 'MUCURITAS', 1),
(40106, 4, 401, 'QUESERAS DEL MEDIO', 1),
(40201, 4, 402, 'URBANA BIRUACA', 1),
(40301, 4, 403, 'URBANA BRUZUAL', 1),
(40302, 4, 403, 'MANTECAL', 1),
(40303, 4, 403, 'QUINTERO', 1),
(40304, 4, 403, 'RINCÓN HONDO', 1),
(40305, 4, 403, 'SAN VICENTE', 1),
(40401, 4, 404, 'URBANA GUASDUALITO', 1),
(40402, 4, 404, 'ARAMENDI', 1),
(40403, 4, 404, 'EL AMPARO', 1),
(40404, 4, 404, 'SAN CAMILO', 1),
(40405, 4, 404, 'URDANETA', 1),
(40501, 4, 405, 'URBANA SAN JUAN DE PAYARA', 1),
(40502, 4, 405, 'CODAZZI', 1),
(40503, 4, 405, 'CUNAVICHE', 1),
(40601, 4, 406, 'URBANA ELORZA', 1),
(40602, 4, 406, 'LA TRINIDAD', 1),
(40701, 4, 407, 'URBANA SAN FERNANDO', 1),
(40702, 4, 407, 'EL RECREO', 1),
(40703, 4, 407, 'PEÑALVER', 1),
(40704, 4, 407, 'SAN RAFAEL DE ATAMAICA', 1),
(50101, 5, 501, 'CAPITAL BOLÍVAR', 1),
(50201, 5, 502, 'CAPITAL CAMATAGUA', 1),
(50202, 5, 502, 'NO URBANA CARMEN DE CURA', 1),
(50302, 5, 503, 'NO URBANA CHORONÍ', 1),
(50303, 5, 503, 'URBANA LAS DELICIAS', 1),
(50304, 5, 503, 'URBANA MADRE MARÍA DE SAN JOSÉ', 1),
(50305, 5, 503, 'URBANA JOAQUÍN CRESPO', 1),
(50306, 5, 503, 'URBANA PEDRO JOSÉ OVALLES', 1),
(50307, 5, 503, 'URBANA JOSÉ CASANOVA GODOY', 1),
(50308, 5, 503, 'URBANA ANDRÉS ELOY BLANCO', 1),
(50309, 5, 503, 'URBANA LOS TACARIGUAS', 1),
(50401, 5, 504, 'CAPITAL JOSÉ ANGEL LAMAS', 1),
(50501, 5, 505, 'CAPITAL JOSÉ FÉLIX RIBAS', 1),
(50502, 5, 505, 'CASTOR NIEVES RÍOS', 1),
(50503, 5, 505, 'NO URBANA LAS GUACAMAYAS', 1),
(50504, 5, 505, 'NO URBANA PAO DE ZÁRATE', 1),
(50505, 5, 505, 'NO URBANA ZUATA', 1),
(50601, 5, 506, 'CAPITAL JOSÉ RAFAEL REVENGA', 1),
(50701, 5, 507, 'CAPITAL LIBERTADOR', 1),
(50702, 5, 507, 'NO URBANA SAN MARTÍN DE PORRES', 1),
(50801, 5, 508, 'CAPITAL MARIO BRICEÑO IRAGORRY', 1),
(50802, 5, 508, 'CA±A DE AZ·CAR', 1),
(50901, 5, 509, 'CAPITAL SAN CASIMIRO', 1),
(50902, 5, 509, 'NO URBANA GUIRIPA', 1),
(50903, 5, 509, 'NO URBANA OLLAS DE CARAMACATE', 1),
(50904, 5, 509, 'NO URBANA VALLE MORÍN', 1),
(51001, 5, 510, 'CAPITAL SAN SEBASTIÁN', 1),
(51101, 5, 511, 'CAPITAL SANTIAGO MARIÑO', 1),
(51102, 5, 511, 'NO URBANA ARÉVALO APONTE', 1),
(51103, 5, 511, 'NO URBANA CHUAO', 1),
(51104, 5, 511, 'NO URBANA SAMÁN DE GUERE', 1),
(51105, 5, 511, 'NO URBANA ALFREDO PACHECO MIRANDA', 1),
(51201, 5, 512, 'CAPITAL SANTOS MICHELENA', 1),
(51202, 5, 512, 'NO URBANA TIARA', 1),
(51301, 5, 513, 'CAPITAL SUCRE', 1),
(51302, 5, 513, 'NO URBANA BELLA VISTA', 1),
(51401, 5, 514, 'CAPITAL TOVAR', 1),
(51501, 5, 515, 'CAPITAL URDANETA', 1),
(51502, 5, 515, 'NO URBANA LAS PEÑITAS', 1),
(51503, 5, 515, 'NO URBANA SAN FRANCISCO DE CARA', 1),
(51504, 5, 515, 'NO URBANA TAGUAY', 1),
(51601, 5, 516, 'CAPITAL ZAMORA', 1),
(51602, 5, 516, 'NO URBANA MAGDALENO', 1),
(51603, 5, 516, 'NO URBANA SAN FRANCISCO DE ASÍS', 1),
(51604, 5, 516, 'NO URBANA VALLES DE TUCUTUNEMO', 1),
(51605, 5, 516, 'NO URBANA AUGUSTO MIJARES', 1),
(51701, 5, 517, 'CAPITAL FRANCISCO LINARES ALCÁNTARA', 1),
(51702, 5, 517, 'NO URBANA FRANCISCO DE MIRANDA', 1),
(51703, 5, 517, 'NO URBANA MONSEÑOR FELICIANO GONZÁLEZ', 1),
(51801, 5, 518, 'CAPITAL OCUMARE DE LA COSTA DE ORO', 1),
(60101, 6, 601, 'SABANETA', 1),
(60102, 6, 601, 'RODRÍGUEZ DOMÍNGUEZ', 1),
(60201, 6, 602, 'TICOPORO', 1),
(60202, 6, 602, 'ANDRÉS BELLO', 1),
(60203, 6, 602, 'NICOLÁS PULIDO', 1),
(60301, 6, 603, 'ARISMENDI', 1),
(60302, 6, 603, 'GUADARRAMA', 1),
(60303, 6, 603, 'LA UNIÓN', 1),
(60304, 6, 603, 'SAN ANTONIO', 1),
(60401, 6, 604, 'BARINAS', 1),
(60402, 6, 604, 'ALFREDO ARVELO LARRIVA', 1),
(60403, 6, 604, 'SAN SILVESTRE', 1),
(60404, 6, 604, 'SANTA INÉS', 1),
(60405, 6, 604, 'SANTA LUCÍA', 1),
(60406, 6, 604, 'TORUNOS', 1),
(60407, 6, 604, 'EL CARMEN', 1),
(60408, 6, 604, 'RÓMULO BETANCOURT', 1),
(60409, 6, 604, 'CORAZÓN DE JESÚS', 1),
(60410, 6, 604, 'RAMÓN IGNACIO MÉNDEZ', 1),
(60411, 6, 604, 'ALTO BARINAS', 1),
(60412, 6, 604, 'MANUEL PALACIO FAJARDO', 1),
(60413, 6, 604, 'JUAN ANTONIO RODRÍGUEZ DOMÍNGUEZ', 1),
(60414, 6, 604, 'DOMINGA ORTIZ DE PÉREZ', 1),
(60501, 6, 605, 'BARINITAS', 1),
(60502, 6, 605, 'ALTAMIRA', 1),
(60503, 6, 605, 'CALDERAS', 1),
(60601, 6, 606, 'BARRANCAS', 1),
(60602, 6, 606, 'EL SOCORRO', 1),
(60603, 6, 606, 'MASPARRITO', 1),
(60701, 6, 607, 'SANTA BÁRBARA', 1),
(60702, 6, 607, 'JOSÉ IGNACIO DEL PUMAR', 1),
(60703, 6, 607, 'PEDRO BRICEÑO MÉNDEZ', 1),
(60704, 6, 607, 'RAMÓN IGNACIO MÉNDEZ', 1),
(60801, 6, 608, 'OBISPOS', 1),
(60802, 6, 608, 'EL REAL', 1),
(60803, 6, 608, 'LA LUZ', 1),
(60804, 6, 608, 'LOS GUASIMITOS', 1),
(60901, 6, 609, 'CIUDAD BOLIVIA', 1),
(60902, 6, 609, 'IGNACIO BRICEÑO', 1),
(60903, 6, 609, 'JOSÉ FÉLIX RIBAS', 1),
(60904, 6, 609, 'PÁEZ', 1),
(61001, 6, 610, 'LIBERTAD', 1),
(61002, 6, 610, 'DOLORES', 1),
(61003, 6, 610, 'PALACIOS FAJARDO', 1),
(61004, 6, 610, 'SANTA ROSA', 1),
(61101, 6, 611, 'CIUDAD DE NUTRIAS', 1),
(61102, 6, 611, 'EL REGALO', 1),
(61103, 6, 611, 'PUERTO DE NUTRIAS', 1),
(61104, 6, 611, 'SANTA CATALINA', 1),
(61201, 6, 612, 'EL CANTÓN', 1),
(61202, 6, 612, 'SANTA CRUZ DE GUACAS', 1),
(61203, 6, 612, 'PUERTO VIVAS', 1),
(70101, 7, 701, 'CACHAMAY', 1),
(70102, 7, 701, 'CHIRICA', 1),
(70103, 7, 701, 'DALLA COSTA', 1),
(70104, 7, 701, 'ONCE DE ABRIL', 1),
(70105, 7, 701, 'SIMÓN BOLÍVAR', 1),
(70106, 7, 701, 'UNARE', 1),
(70107, 7, 701, 'UNIVERSIDAD', 1),
(70108, 7, 701, 'VISTA AL SOL', 1),
(70109, 7, 701, 'POZO VERDE', 1),
(70110, 7, 701, 'YOCOIMA', 1),
(70201, 7, 702, 'SECCIÓN CAPITAL CEDEÑO', 1),
(70202, 7, 702, 'ALTAGRACIA', 1),
(70203, 7, 702, 'ASCENSIÓN FARRERAS', 1),
(70204, 7, 702, 'GUANIAMO', 1),
(70205, 7, 702, 'LA URBANA', 1),
(70206, 7, 702, 'PIJIGUAOS', 1),
(70301, 7, 703, 'CAPITAL EL CALLAO', 1),
(70401, 7, 704, 'SECCIÓN CAPITAL GRAN SABANA', 1),
(70402, 7, 704, 'IKABARÚ', 1),
(70501, 7, 705, 'AGUA SALADA', 1),
(70502, 7, 705, 'CATEDRAL', 1),
(70503, 7, 705, 'JOSÉ ANTONIO PÁEZ', 1),
(70504, 7, 705, 'LA SABANITA', 1),
(70505, 7, 705, 'MARHUANTA', 1),
(70506, 7, 705, 'VISTA HERMOSA', 1),
(70507, 7, 705, 'ORINOCO', 1),
(70508, 7, 705, 'PANAPANA', 1),
(70509, 7, 705, 'ZEA', 1),
(70601, 7, 706, 'SECCIÓN CAPITAL PIAR', 1),
(70602, 7, 706, 'ANDRÉS ELOY BLANCO', 1),
(70603, 7, 706, 'PEDRO COVA', 1),
(70701, 7, 707, 'SECCIÓN CAPITAL RAÚL LEONI', 1),
(70702, 7, 707, 'BARCELONETA', 1),
(70703, 7, 707, 'SAN FRANCISCO', 1),
(70704, 7, 707, 'SANTA BÁRBARA', 1),
(70801, 7, 708, 'SECCIÓN CAPITAL ROSCIO', 1),
(70802, 7, 708, 'SALOM', 1),
(70901, 7, 709, 'SECCIÓN CAPITAL SIFONTES', 1),
(70902, 7, 709, 'DALLA COSTA', 1),
(70903, 7, 709, 'SAN ISIDRO', 1),
(71001, 7, 710, 'SECCIÓN CAPITAL SUCRE', 1),
(71002, 7, 710, 'ARIPAO', 1),
(71003, 7, 710, 'GUARATARO', 1),
(71004, 7, 710, 'LAS MAJADAS', 1),
(71005, 7, 710, 'MOITACO', 1),
(71101, 7, 711, 'CAPITAL PADRE PEDRO CHIEN', 1),
(80101, 8, 801, 'URBANA BEJUMA', 1),
(80102, 8, 801, 'NO URBANA CANOABO', 1),
(80103, 8, 801, 'NO URBANA SIMÓN BOLÍVAR', 1),
(80201, 8, 802, 'URBANA GUIGUE', 1),
(80202, 8, 802, 'NO URBANA BELÉN', 1),
(80203, 8, 802, 'NO URBANA TACARIGUA', 1),
(80301, 8, 803, 'URBANA AGUAS CALIENTES', 1),
(80302, 8, 803, 'URBANA MARIARA', 1),
(80401, 8, 804, 'URBANA CIUDAD ALIANZA', 1),
(80402, 8, 804, 'URBANA GUACARA', 1),
(80403, 8, 804, 'NO URBANA YAGUA', 1),
(80501, 8, 805, 'URBANA MORÓN', 1),
(80502, 8, 805, 'NO URBANA URAMA', 1),
(80601, 8, 806, 'URBANA TOCUYITO', 1),
(80602, 8, 806, 'URBANA INDEPENDENCIA', 1),
(80701, 8, 807, 'URBANA LOS GUAYOS', 1),
(80801, 8, 808, 'URBANA MIRANDA', 1),
(80901, 8, 809, 'URBANA MONTALBÁN', 1),
(81001, 8, 810, 'URBANA NAGUANAGUA', 1),
(81101, 8, 811, 'URBANA BARTOLOMÉ SALOM', 1),
(81102, 8, 811, 'URBANA DEMOCRACIA', 1),
(81103, 8, 811, 'URBANA FRATERNIDAD', 1),
(81104, 8, 811, 'URBANA GOAIGOAZA', 1),
(81105, 8, 811, 'URBANA JUAN JOSÉ FLORES', 1),
(81106, 8, 811, 'URBANA UNIÓN', 1),
(81107, 8, 811, 'NO URBANA BORBURATA', 1),
(81108, 8, 811, 'NO URBANA PATANEMO', 1),
(81201, 8, 812, 'URBANA SAN DIEGO', 1),
(81301, 8, 813, 'URBANA SAN JOAQUÍN', 1),
(81401, 8, 814, 'URBANA CANDELARIA', 1),
(81402, 8, 814, 'URBANA CATEDRAL', 1),
(81403, 8, 814, 'URBANA EL SOCORRO', 1),
(81404, 8, 814, 'URBANA MIGUEL PEÑA', 1),
(81405, 8, 814, 'URBANA RAFAEL URDANETA', 1),
(81406, 8, 814, 'URBANA SAN BLAS', 1),
(81407, 8, 814, 'URBANA SAN JOSÉ', 1),
(81408, 8, 814, 'URBANA SANTA ROSA', 1),
(81409, 8, 814, 'NO URBANA NEGRO PRIMERO', 1),
(90101, 9, 901, 'COJEDES', 1),
(90102, 9, 901, 'JUAN DE MATA SUÁREZ', 1),
(90201, 9, 902, 'TINAQUILLO', 1),
(90301, 9, 903, 'EL BAÚL', 1),
(90302, 9, 903, 'SUCRE', 1),
(90401, 9, 904, 'MACAPO', 1),
(90402, 9, 904, 'LA AGUADITA', 1),
(90501, 9, 905, 'EL PAO', 1),
(90601, 9, 906, 'LIBERTAD DE COJEDES', 1),
(90602, 9, 906, 'EL AMPARO', 1),
(90701, 9, 907, 'RÓMULO GALLEGOS', 1),
(90801, 9, 908, 'SAN CARLOS DE AUSTRIA', 1),
(90802, 9, 908, 'JUAN ANGEL BRAVO', 1),
(90803, 9, 908, 'MANUEL MANRIQUE', 1),
(90901, 9, 909, 'GENERAL EN JEFE JOSÉ LAURENCIO SILVA', 1),
(100101, 10, 1001, 'CURIAPO', 1),
(100102, 10, 1001, 'ALMIRANTE LUIS BRIÓN', 1),
(100103, 10, 1001, 'FRANCISCO ANICETO LUGO', 1),
(100104, 10, 1001, 'MANUEL RENAUD', 1),
(100105, 10, 1001, 'PADRE BARRAL', 1),
(100106, 10, 1001, 'SANTOS DE ABELGAS', 1),
(100201, 10, 1002, 'IMATACA', 1),
(100202, 10, 1002, 'CINCO DE JULIO', 1),
(100203, 10, 1002, 'JUAN BAUTISTA ARISMENDI', 1),
(100204, 10, 1002, 'MANUEL PIAR', 1),
(100205, 10, 1002, 'RÓMULO GALLEGOS', 1),
(100301, 10, 1003, 'PEDERNALES', 1),
(100302, 10, 1003, 'LUIS BELTRßN PRIETO FIGUEROA', 1),
(100401, 10, 1004, 'SAN JOSÚ', 1),
(100402, 10, 1004, 'JOSÉ VIDAL MARCANO', 1),
(100403, 10, 1004, 'JUAN MILLßN', 1),
(100404, 10, 1004, 'LEONARDO RUÍZ PINEDA', 1),
(100405, 10, 1004, 'MARISCAL ANTONIO JOSÉ DE SUCRE', 1),
(100406, 10, 1004, 'MONSEÑOR ARGIMIRO GARCÍA', 1),
(100407, 10, 1004, 'SAN RAFAEL', 1),
(100408, 10, 1004, 'VIRGEN DEL VALLE', 1),
(110101, 11, 1101, 'SAN JUAN DE LOS CAYOS', 1),
(110102, 11, 1101, 'CAPADARE', 1),
(110103, 11, 1101, 'LA PASTORA', 1),
(110104, 11, 1101, 'LIBERTADOR', 1),
(110201, 11, 1102, 'SAN LUIS', 1),
(110202, 11, 1102, 'ARACUA', 1),
(110203, 11, 1102, 'LA PEÑA', 1),
(110301, 11, 1103, 'CAPATÁRIDA', 1),
(110302, 11, 1103, 'BARIRO', 1),
(110303, 11, 1103, 'BOROJÓ', 1),
(110304, 11, 1103, 'GUAJIRO', 1),
(110305, 11, 1103, 'SEQUE', 1),
(110306, 11, 1103, 'ZAZÁRIDA', 1),
(110401, 11, 1104, 'CAPITAL CACIQUE MANAURE', 1),
(110501, 11, 1105, 'CARIRUBANA', 1),
(110502, 11, 1105, 'NORTE', 1),
(110503, 11, 1105, 'PUNTA CARDÓN', 1),
(110504, 11, 1105, 'SANTA ANA', 1),
(110601, 11, 1106, 'LA VELA DE CORO', 1),
(110602, 11, 1106, 'ACURIGUA', 1),
(110603, 11, 1106, 'GUAIBACOA', 1),
(110604, 11, 1106, 'LAS CALDERAS', 1),
(110605, 11, 1106, 'MACORUCA', 1),
(110701, 11, 1107, 'CAPITAL DABAJURO', 1),
(110801, 11, 1108, 'PEDREGAL', 1),
(110802, 11, 1108, 'AGUA CLARA', 1),
(110803, 11, 1108, 'AVARIA', 1),
(110804, 11, 1108, 'PIEDRA GRANDE', 1),
(110805, 11, 1108, 'PURURECHE', 1),
(110901, 11, 1109, 'PUEBLO NUEVO', 1),
(110902, 11, 1109, 'ADÍCORA', 1),
(110903, 11, 1109, 'BARAIVED', 1),
(110904, 11, 1109, 'BUENA VISTA', 1),
(110905, 11, 1109, 'JADACAQUIVA', 1),
(110906, 11, 1109, 'MORUY', 1),
(110907, 11, 1109, 'ADAURE', 1),
(110908, 11, 1109, 'EL HATO', 1),
(110909, 11, 1109, 'EL VÍNCULO', 1),
(111001, 11, 1110, 'CHURUGUARA', 1),
(111002, 11, 1110, 'AGUA LARGA', 1),
(111003, 11, 1110, 'EL PAUJÍ', 1),
(111004, 11, 1110, 'INDEPENDENCIA', 1),
(111005, 11, 1110, 'MAPARARÍ', 1),
(111101, 11, 1111, 'JACURA', 1),
(111102, 11, 1111, 'AGUA LINDA', 1),
(111103, 11, 1111, 'ARAURIMA', 1),
(111201, 11, 1112, 'LOS TAQUES', 1),
(111202, 11, 1112, 'JUDIBANA', 1),
(111301, 11, 1113, 'MENE DE MAUROA', 1),
(111302, 11, 1113, 'CASIGUA', 1),
(111303, 11, 1113, 'SAN FÉLIX', 1),
(111401, 11, 1114, 'SAN ANTONIO', 1),
(111402, 11, 1114, 'SAN GABRIEL', 1),
(111403, 11, 1114, 'SANTA ANA', 1),
(111404, 11, 1114, 'GUZMÁN GUILLERMO', 1),
(111405, 11, 1114, 'MITARE', 1),
(111406, 11, 1114, 'RÍO SECO', 1),
(111407, 11, 1114, 'SABANETA', 1),
(111501, 11, 1115, 'CHICHIRIVICHE', 1),
(111502, 11, 1115, 'BOCA DE TOCUYO', 1),
(111503, 11, 1115, 'TOCUYO DE LA COSTA', 1),
(111601, 11, 1116, 'CAPITAL PALMASOLA', 1),
(111701, 11, 1117, 'CABURE', 1),
(111702, 11, 1117, 'COLINA', 1),
(111703, 11, 1117, 'CURIMAGUA', 1),
(111801, 11, 1118, 'PÍRITU', 1),
(111802, 11, 1118, 'SAN JOSÉ DE LA COSTA', 1),
(111901, 11, 1119, 'CAPITAL SAN FRANCISCO', 1),
(112001, 11, 1120, 'TUCACAS', 1),
(112002, 11, 1120, 'BOCA DE AROA', 1),
(112101, 11, 1121, 'SUCRE', 1),
(112102, 11, 1121, 'PECAYA', 1),
(112201, 11, 1122, 'CAPITAL TOCÓPERO', 1),
(112301, 11, 1123, 'SANTA CRUZ DE BUCARAL', 1),
(112302, 11, 1123, 'EL CHARAL', 1),
(112303, 11, 1123, 'LAS VEGAS DEL TUY', 1),
(112401, 11, 1124, 'URUMACO', 1),
(112402, 11, 1124, 'BRUZUAL', 1),
(112501, 11, 1125, 'PUERTO CUMAREBO', 1),
(112502, 11, 1125, 'LA CIÉNAGA', 1),
(112503, 11, 1125, 'LA SOLEDAD', 1),
(112504, 11, 1125, 'PUEBLO CUMAREBO', 1),
(112505, 11, 1125, 'ZAZÁRIDA', 1),
(120101, 12, 1201, 'CAPITAL CAMAGUÁN', 1),
(120102, 12, 1201, 'PUERTO MIRANDA', 1),
(120103, 12, 1201, 'UVERITO', 1),
(120201, 12, 1202, 'CHAGUARAMAS', 1),
(120301, 12, 1203, 'EL SOCORRO', 1),
(120401, 12, 1204, 'CAPITAL SAN GERÓNIMO DE GUAYABAL', 1),
(120402, 12, 1204, 'CAZORLA', 1),
(120501, 12, 1205, 'CAPITAL VALLE DE LA PASCUA', 1),
(120502, 12, 1205, 'ESPINO', 1),
(120601, 12, 1206, 'CAPITAL LAS MERCEDES', 1),
(120602, 12, 1206, 'CABRUTA', 1),
(120603, 12, 1206, 'SANTA RITA DE MANAPIRE', 1),
(120701, 12, 1207, 'CAPITAL EL SOMBRERO', 1),
(120702, 12, 1207, 'SOSA', 1),
(120801, 12, 1208, 'CAPITAL CALABOZO', 1),
(120802, 12, 1208, 'EL CALVARIO', 1),
(120803, 12, 1208, 'EL RASTRO', 1),
(120804, 12, 1208, 'GUARDATINAJAS', 1),
(120901, 12, 1209, 'CAPITAL ALTAGRACIA DE ORITUCO', 1),
(120902, 12, 1209, 'LEZAMA', 1),
(120903, 12, 1209, 'LIBERTAD DE ORITUCO', 1),
(120904, 12, 1209, 'PASO REAL DE MACAIRA', 1),
(120905, 12, 1209, 'SAN FRANCISCO DE MACAIRA', 1),
(120906, 12, 1209, 'SAN RAFAEL DE ORITUCO', 1),
(120907, 12, 1209, 'SOUBLETTE', 1),
(121001, 12, 1210, 'CAPITAL ORTIZ', 1),
(121002, 12, 1210, 'SAN FRANCISCO DE TIZNADOS', 1),
(121003, 12, 1210, 'SAN JOSÉ DE TIZNADOS', 1),
(121004, 12, 1210, 'SAN LORENZO DE TIZNADOS', 1),
(121101, 12, 1211, 'CAPITAL TUCUPIDO', 1),
(121102, 12, 1211, 'SAN RAFAEL DE LAYA', 1),
(121201, 12, 1212, 'CAPITAL SAN JUAN DE LOS MORROS', 1),
(121202, 12, 1212, 'CANTAGALLO', 1),
(121203, 12, 1212, 'PARAPARA', 1),
(121301, 12, 1213, 'SAN JOSÉ DE GUARIBE', 1),
(121401, 12, 1214, 'CAPITAL SANTA MARÍA DE IPIRE', 1),
(121402, 12, 1214, 'ALTAMIRA', 1),
(121501, 12, 1215, 'CAPITAL ZARAZA', 1),
(121502, 12, 1215, 'SAN JOSÉ DE UNARE', 1),
(130101, 13, 1301, 'PÍO TAMAYO', 1),
(130102, 13, 1301, 'QUEBRADA HONDA DE GUACHE', 1),
(130103, 13, 1301, 'YACAMBÚ', 1),
(130201, 13, 1302, 'FRÉITEZ', 1),
(130202, 13, 1302, 'JOSÉ MARÍA BLANCO', 1),
(130301, 13, 1303, 'CATEDRAL', 1),
(130302, 13, 1303, 'CONCEPCIÓN', 1),
(130303, 13, 1303, 'EL CUJÍ', 1),
(130304, 13, 1303, 'JUAN DE VILLEGAS', 1),
(130305, 13, 1303, 'SANTA ROSA', 1),
(130306, 13, 1303, 'TAMACA', 1),
(130307, 13, 1303, 'UNIÓN', 1),
(130308, 13, 1303, 'AGUEDO FELIPE ALVARADO', 1),
(130309, 13, 1303, 'BUENA VISTA', 1),
(130310, 13, 1303, 'JUÁREZ', 1),
(130401, 13, 1304, 'JUAN BAUTISTA RODRÍGUEZ', 1),
(130402, 13, 1304, 'CUARA', 1),
(130403, 13, 1304, 'DIEGO DE LOZADA', 1),
(130404, 13, 1304, 'PARAÍSO DE SAN JOSÉ', 1),
(130405, 13, 1304, 'SAN MIGUEL', 1),
(130406, 13, 1304, 'TINTORERO', 1),
(130407, 13, 1304, 'JOSÉ BERNARDO DORANTE', 1),
(130408, 13, 1304, 'CORONEL MARIANO PERAZA', 1),
(130501, 13, 1305, 'BOLÍVAR', 1),
(130502, 13, 1305, 'ANZOÁTEGUI', 1),
(130503, 13, 1305, 'GUARICO', 1),
(130504, 13, 1305, 'HILARIO LUNA Y LUNA', 1),
(130505, 13, 1305, 'HUMOCARO ALTO', 1),
(130506, 13, 1305, 'HUMOCARO BAJO', 1),
(130507, 13, 1305, 'LA CANDELARIA', 1),
(130508, 13, 1305, 'MORÁN', 1),
(130601, 13, 1306, 'CABUDARE', 1),
(130602, 13, 1306, 'JOSÉ GREGORIO BASTIDAS', 1),
(130603, 13, 1306, 'AGUA VIVA', 1),
(130701, 13, 1307, 'SARARE', 1),
(130702, 13, 1307, 'BURÍA', 1),
(130703, 13, 1307, 'GUSTAVO VEGAS LEÓN', 1),
(130801, 13, 1308, 'TRINIDAD SAMUEL', 1),
(130802, 13, 1308, 'ANTONIO DÍAZ', 1),
(130803, 13, 1308, 'CAMACARO', 1),
(130804, 13, 1308, 'CASTAÑEDA', 1),
(130805, 13, 1308, 'CECILIO ZUBILLAGA', 1),
(130806, 13, 1308, 'CHIQUINQUIRÁ', 1),
(130807, 13, 1308, 'EL BLANCO', 1),
(130808, 13, 1308, 'ESPINOZA DE LOS MONTEROS', 1),
(130809, 13, 1308, 'LARA', 1),
(130810, 13, 1308, 'LAS MERCEDES', 1),
(130811, 13, 1308, 'MANUEL MORILLO', 1),
(130812, 13, 1308, 'MONTAÑA VERDE', 1),
(130813, 13, 1308, 'MONTES DE OCA', 1),
(130814, 13, 1308, 'TORRES', 1),
(130816, 13, 1308, 'REYES VARGAS', 1),
(130817, 13, 1308, 'ALTAGRACIA', 1),
(130901, 13, 1309, 'SIQUISIQUE', 1),
(130902, 13, 1309, 'MOROTURO', 1),
(130903, 13, 1309, 'SAN MIGUEL', 1),
(130904, 13, 1309, 'XAGUAS', 1),
(140101, 14, 1401, 'PRESIDENTE BETANCOURT', 1),
(140102, 14, 1401, 'PRESIDENTE PÁEZ', 1),
(140103, 14, 1401, 'PRESIDENTE RÓMULO GALLEGOS', 1),
(140104, 14, 1401, 'GABRIEL PICÓN GONZÁLEZ', 1),
(140105, 14, 1401, 'HÉCTOR AMABLE MORA', 1),
(140106, 14, 1401, 'JOSÉ NUCETE SARDI', 1),
(140107, 14, 1401, 'PULIDO MÉNDEZ', 1),
(140201, 14, 1402, 'CAPITAL ANDRÉS BELLO', 1),
(140301, 14, 1403, 'CAPITAL ANTONIO PINTO SALINAS', 1),
(140302, 14, 1403, 'MESA BOLÍVAR', 1),
(140303, 14, 1403, 'MESA DE LAS PALMAS', 1),
(140401, 14, 1404, 'CAPITAL ARICAGUA', 1),
(140402, 14, 1404, 'SAN ANTONIO', 1),
(140501, 14, 1405, 'CAPITAL ARZOBISPO CHACÓN', 1),
(140502, 14, 1405, 'CAPURÍ', 1),
(140503, 14, 1405, 'CHACANTÁ', 1),
(140504, 14, 1405, 'EL MOLINO', 1),
(140505, 14, 1405, 'GUAIMARAL', 1),
(140506, 14, 1405, 'MUCUTUY', 1),
(140507, 14, 1405, 'MUCUCHACHÍ', 1),
(140601, 14, 1406, 'FERNÁNDEZ PEÑA', 1),
(140602, 14, 1406, 'MATRIZ', 1),
(140603, 14, 1406, 'MONTALBÁN', 1),
(140604, 14, 1406, 'ACEQUIAS', 1),
(140605, 14, 1406, 'JAJÍ', 1),
(140606, 14, 1406, 'LA MESA', 1),
(140607, 14, 1406, 'SAN JOSÉ DEL SUR', 1),
(140701, 14, 1407, 'CAPITAL CARACCIOLO PARRA OLMEDO', 1),
(140702, 14, 1407, 'FLORENCIO RAMÍREZ', 1),
(140801, 14, 1408, 'CAPITAL CARDENAL QUINTERO', 1),
(140802, 14, 1408, 'LAS PIEDRAS', 1),
(140901, 14, 1409, 'CAPITAL GUARAQUE', 1),
(140902, 14, 1409, 'MESA DE QUINTERO', 1),
(140903, 14, 1409, 'RÍO NEGRO', 1),
(141001, 14, 1410, 'CAPITAL JULIO CÉSAR SALAS', 1),
(141002, 14, 1410, 'PALMIRA', 1),
(141101, 14, 1411, 'CAPITAL JUSTO BRICEÑO', 1),
(141102, 14, 1411, 'SAN CRISTÓBAL DE TORONDOY', 1),
(141201, 14, 1412, 'ANTONIO SPINETTI DINI', 1),
(141202, 14, 1412, 'ARIAS', 1),
(141203, 14, 1412, 'CARACCIOLO PARRA PÉREZ', 1),
(141204, 14, 1412, 'DOMINGO PEÑA', 1),
(141205, 14, 1412, 'EL LLANO', 1),
(141206, 14, 1412, 'GONZALO PICÓN FEBRES', 1),
(141207, 14, 1412, 'JACINTO PLAZA', 1),
(141208, 14, 1412, 'JUAN RODRÍGUEZ SUÁREZ', 1),
(141209, 14, 1412, 'LASSO DE LA VEGA', 1),
(141210, 14, 1412, 'MARIANO PICÓN SALAS', 1),
(141211, 14, 1412, 'MILLA', 1),
(141212, 14, 1412, 'OSUNA RODRÍGUEZ', 1),
(141213, 14, 1412, 'SAGRARIO', 1),
(141214, 14, 1412, 'EL MORRO', 1),
(141215, 14, 1412, 'LOS NEVADOS', 1),
(141301, 14, 1413, 'CAPITAL MIRANDA', 1),
(141302, 14, 1413, 'ANDRÉS ELOY BLANCO', 1),
(141303, 14, 1413, 'LA VENTA', 1),
(141304, 14, 1413, 'PIÑANGO', 1),
(141401, 14, 1414, 'CAPITAL OBISPO RAMOS DE LORA', 1),
(141402, 14, 1414, 'ELOY PAREDES', 1),
(141403, 14, 1414, 'SAN RAFAEL DE ALCÁZAR', 1),
(141501, 14, 1415, 'CAPITAL PADRE NOGUERA', 1),
(141601, 14, 1416, 'CAPITAL PUEBLO LLANO', 1),
(141701, 14, 1417, 'CAPITAL RANGEL', 1),
(141702, 14, 1417, 'CACUTE', 1),
(141703, 14, 1417, 'LA TOMA', 1),
(141704, 14, 1417, 'MUCURUBÁ', 1),
(141705, 14, 1417, 'SAN RAFAEL', 1),
(141801, 14, 1418, 'CAPITAL RIVAS DÁVILA', 1),
(141802, 14, 1418, 'GERÓNIMO MALDONADO', 1),
(141901, 14, 1419, 'CAPITAL SANTOS MARQUINA', 1),
(142001, 14, 1420, 'CAPITAL SUCRE', 1),
(142002, 14, 1420, 'CHIGUARÁ', 1),
(142003, 14, 1420, 'ESTÁNQUEZ', 1),
(142004, 14, 1420, 'LA TRAMPA', 1),
(142005, 14, 1420, 'PUEBLO NUEVO DEL SUR', 1),
(142006, 14, 1420, 'SAN JUAN', 1),
(142101, 14, 1421, 'EL AMPARO', 1),
(142102, 14, 1421, 'EL LLANO', 1),
(142103, 14, 1421, 'SAN FRANCISCO', 1),
(142104, 14, 1421, 'TOVAR', 1),
(142201, 14, 1422, 'CAPITAL TULIO FEBRES CORDERO', 1),
(142202, 14, 1422, 'INDEPENDENCIA', 1),
(142203, 14, 1422, 'MARÍA DE LA CONCEPCIÓN PALACIOS BLANCO', 1),
(142204, 14, 1422, 'SANTA APOLONIA', 1),
(142301, 14, 1423, 'CAPITAL ZEA', 1),
(142302, 14, 1423, 'CAÑO EL TIGRE', 1),
(150101, 15, 1501, 'CAUCAGUA', 1),
(150102, 15, 1501, 'ARAGUITA', 1),
(150103, 15, 1501, 'ARÉVALO GONZÁLEZ', 1),
(150104, 15, 1501, 'CAPAYA', 1),
(150105, 15, 1501, 'EL CAFÉ', 1),
(150106, 15, 1501, 'MARIZAPA', 1),
(150107, 15, 1501, 'PANAQUIRE', 1),
(150108, 15, 1501, 'RIBAS', 1),
(150201, 15, 1502, 'SAN JOSÉ DE BARLOVENTO', 1),
(150202, 15, 1502, 'CUMBO', 1),
(150301, 15, 1503, 'BARUTA', 1),
(150302, 15, 1503, 'EL CAFETAL', 1),
(150303, 15, 1503, 'LAS MINAS DE BARUTA', 1),
(150401, 15, 1504, 'HIGUEROTE', 1),
(150402, 15, 1504, 'CURIEPE', 1),
(150403, 15, 1504, 'TACARIGUA', 1),
(150501, 15, 1505, 'MAMPORAL', 1),
(150601, 15, 1506, 'CARRIZAL', 1),
(150701, 15, 1507, 'CHACAO', 1),
(150801, 15, 1508, 'CHARALLAVE', 1),
(150802, 15, 1508, 'LAS BRISAS', 1),
(150901, 15, 1509, 'EL HATILLO', 1),
(151001, 15, 1510, 'LOS TEQUES', 1),
(151002, 15, 1510, 'ALTAGRACIA DE LA MONTAÑA', 1),
(151003, 15, 1510, 'CECILIO ACOSTA', 1),
(151004, 15, 1510, 'EL JARILLO', 1),
(151005, 15, 1510, 'PARACOTOS', 1),
(151006, 15, 1510, 'SAN PEDRO', 1),
(151007, 15, 1510, 'TÁCATA', 1),
(151101, 15, 1511, 'SANTA TERESA DEL TUY', 1),
(151102, 15, 1511, 'EL CARTANAL', 1),
(151201, 15, 1512, 'OCUMARE DEL TUY', 1),
(151202, 15, 1512, 'LA DEMOCRACIA', 1),
(151203, 15, 1512, 'SANTA BÁRBARA', 1),
(151301, 15, 1513, 'SAN ANTONIO DE LOS ALTOS', 1),
(151401, 15, 1514, 'RÍO CHICO', 1),
(151402, 15, 1514, 'EL GUAPO', 1),
(151403, 15, 1514, 'TACARIGUA DE LA LAGUNA', 1),
(151404, 15, 1514, 'PAPARO', 1),
(151405, 15, 1514, 'SAN FERNANDO DEL GUAPO', 1),
(151501, 15, 1515, 'SANTA LUCÍA', 1),
(151601, 15, 1516, 'CÚPIRA', 1),
(151602, 15, 1516, 'MACHURUCUTO', 1),
(151701, 15, 1517, 'GUARENAS', 1),
(151801, 15, 1518, 'SAN FRANCISCO DE YARE', 1),
(151802, 15, 1518, 'SAN ANTONIO DE YARE', 1),
(151901, 15, 1519, 'PETARE', 1),
(151902, 15, 1519, 'CAUCAGUITA', 1),
(151903, 15, 1519, 'FILA DE MARICHES', 1),
(151904, 15, 1519, 'LA DOLORITA', 1),
(151905, 15, 1519, 'LEONCIO MARTÍNEZ', 1),
(152001, 15, 1520, 'CÚA', 1),
(152002, 15, 1520, 'NUEVA CÚA', 1),
(152101, 15, 1521, 'GUATIRE', 1),
(152102, 15, 1521, 'BOLÍVAR', 1),
(160101, 16, 1601, 'CAPITAL ACOSTA', 1),
(160102, 16, 1601, 'SAN FRANCISCO', 1),
(160201, 16, 1602, 'CAPITAL AGUASAY', 1),
(160301, 16, 1603, 'CAPITAL BOLÍVAR', 1),
(160401, 16, 1604, 'CAPITAL CARIPE', 1),
(160402, 16, 1604, 'EL GUÁCHARO', 1),
(160403, 16, 1604, 'LA GUANOTA', 1),
(160404, 16, 1604, 'SABANA DE PIEDRA', 1),
(160405, 16, 1604, 'SAN AGUSTÍN', 1),
(160406, 16, 1604, 'TERESÉN', 1),
(160501, 16, 1605, 'CAPITAL CEDEÑO', 1),
(160502, 16, 1605, 'AREO', 1),
(160503, 16, 1605, 'SAN FÉLIX', 1),
(160504, 16, 1605, 'VIENTO FRESCO', 1),
(160601, 16, 1606, 'CAPITAL EZEQUIEL ZAMORA', 1),
(160602, 16, 1606, 'EL TEJERO', 1),
(160701, 16, 1607, 'CAPITAL LIBERTADOR', 1),
(160702, 16, 1607, 'CHAGUARAMAS', 1),
(160703, 16, 1607, 'LAS ALHUACAS', 1),
(160704, 16, 1607, 'TABASCA', 1),
(160801, 16, 1608, 'CAPITAL MATURÍN', 1),
(160802, 16, 1608, 'ALTO DE LOS GODOS', 1),
(160803, 16, 1608, 'BOQUERÓN', 1),
(160804, 16, 1608, 'LAS COCUIZAS', 1),
(160805, 16, 1608, 'SAN SIMÓN', 1),
(160806, 16, 1608, 'SANTA CRUZ', 1),
(160807, 16, 1608, 'EL COROZO', 1),
(160808, 16, 1608, 'EL FURRIAL', 1),
(160809, 16, 1608, 'JUSEPÍN', 1),
(160810, 16, 1608, 'LA PICA', 1),
(160811, 16, 1608, 'SAN VICENTE', 1),
(160901, 16, 1609, 'CAPITAL PIAR', 1),
(160902, 16, 1609, 'APARICIO', 1),
(160903, 16, 1609, 'CHAGUARAMAL', 1),
(160904, 16, 1609, 'EL PINTO', 1),
(160905, 16, 1609, 'GUANAGUANA', 1),
(160906, 16, 1609, 'LA TOSCANA', 1),
(160907, 16, 1609, 'TAGUAYA', 1),
(161001, 16, 1610, 'CAPITAL PUNCERES', 1),
(161002, 16, 1610, 'CACHIPO', 1),
(161101, 16, 1611, 'CAPITAL SANTA BßRBARA', 1),
(161201, 16, 1612, 'CAPITAL SOTILLO', 1),
(161202, 16, 1612, 'LOS BARRANCOS DE FAJARDO', 1),
(161301, 16, 1613, 'CAPITAL URACOA', 1),
(170101, 17, 1701, 'CAPITAL ANTOLÍN DEL CAMPO', 1),
(170201, 17, 1702, 'CAPITAL ARISMENDI', 1),
(170301, 17, 1703, 'CAPITAL DÍAZ', 1),
(170302, 17, 1703, 'ZABALA', 1),
(170401, 17, 1704, 'CAPITAL GARCÍA', 1),
(170402, 17, 1704, 'FRANCISCO FAJARDO', 1),
(170501, 17, 1705, 'CAPITAL GÓMEZ', 1),
(170502, 17, 1705, 'BOLÍVAR', 1),
(170503, 17, 1705, 'GUEVARA', 1),
(170504, 17, 1705, 'MATASIETE', 1),
(170505, 17, 1705, 'SUCRE', 1),
(170601, 17, 1706, 'CAPITAL MANEIRO', 1),
(170602, 17, 1706, 'AGUIRRE', 1),
(170701, 17, 1707, 'CAPITAL MARCANO', 1),
(170702, 17, 1707, 'ADRIÁN', 1),
(170801, 17, 1708, 'CAPITAL MARIÑO', 1),
(170901, 17, 1709, 'CAPITAL PENÍNSULA DE MACANAO', 1),
(170902, 17, 1709, 'SAN FRANCISCO', 1),
(171001, 17, 1710, 'CAPITAL TUBORES', 1),
(171002, 17, 1710, 'LOS BARALES', 1),
(171101, 17, 1711, 'CAPITAL VILLALBA', 1),
(171102, 17, 1711, 'VICENTE FUENTES', 1),
(180101, 18, 1801, 'CAPITAL AGUA BLANCA', 1),
(180201, 18, 1802, 'CAPITAL ARAURE', 1),
(180202, 18, 1802, 'RÍO ACARIGUA', 1),
(180301, 18, 1803, 'CAPITAL ESTELLER', 1),
(180302, 18, 1803, 'UVERAL', 1),
(180401, 18, 1804, 'CAPITAL GUANARE', 1),
(180402, 18, 1804, 'CÓRDOBA', 1),
(180403, 18, 1804, 'SAN JOSÉ DE LA MONTAÑA', 1),
(180404, 18, 1804, 'SAN JUAN DE GUANAGUANARE', 1),
(180405, 18, 1804, 'VIRGEN DE LA COROMOTO', 1),
(180501, 18, 1805, 'CAPITAL GUANARITO', 1),
(180502, 18, 1805, 'TRINIDAD DE LA CAPILLA', 1),
(180503, 18, 1805, 'DIVINA PASTORA', 1),
(180601, 18, 1806, 'CAPITAL MONSEÑOR JOSÉ VICENTE DE UNDA', 1),
(180602, 18, 1806, 'PEÑA BLANCA', 1),
(180701, 18, 1807, 'CAPITAL OSPINO', 1),
(180702, 18, 1807, 'APARICIÓN', 1),
(180703, 18, 1807, 'LA ESTACIÓN', 1),
(180801, 18, 1808, 'CAPITAL PÁEZ', 1),
(180802, 18, 1808, 'PAYARA', 1),
(180803, 18, 1808, 'PIMPINELA', 1),
(180804, 18, 1808, 'RAMÓN PERAZA', 1),
(180901, 18, 1809, 'CAPITAL PAPELÓN', 1),
(180902, 18, 1809, 'CAÑO DELGADITO', 1),
(181001, 18, 1810, 'CAPITAL SAN GENARO DE BOCONOITO', 1),
(181002, 18, 1810, 'ANTOLÍN TOVAR', 1),
(181101, 18, 1811, 'CAPITAL SAN RAFAEL DE ONOTO', 1),
(181102, 18, 1811, 'SANTA FE', 1),
(181103, 18, 1811, 'THERMO MORLES', 1),
(181201, 18, 1812, 'CAPITAL SANTA ROSALÍA', 1),
(181202, 18, 1812, 'FLORIDA', 1),
(181301, 18, 1813, 'CAPITAL SUCRE', 1),
(181302, 18, 1813, 'CONCEPCIÓN', 1),
(181303, 18, 1813, 'SAN RAFAEL DE PALO ALZADO', 1),
(181304, 18, 1813, 'UVENCIO ANTONIO VELÁSQUEZ', 1),
(181305, 18, 1813, 'SAN JOSÉ DE SAGUAZ', 1),
(181306, 18, 1813, 'VILLA ROSA', 1),
(181401, 18, 1814, 'CAPITAL TURÉN', 1),
(181402, 18, 1814, 'CANELONES', 1),
(181403, 18, 1814, 'SANTA CRUZ', 1),
(181404, 18, 1814, 'SAN ISIDRO LABRADOR', 1),
(190101, 19, 1901, 'MARIÑO', 1),
(190102, 19, 1901, 'RÓMULO GALLEGOS', 1),
(190201, 19, 1902, 'SAN JOSÉ DE AEROCUAR', 1),
(190202, 19, 1902, 'TAVERA ACOSTA', 1),
(190301, 19, 1903, 'RÍO CARIBE', 1),
(190302, 19, 1903, 'ANTONIO JOSÉ DE SUCRE', 1),
(190303, 19, 1903, 'EL MORRO DE PUERTO SANTO', 1),
(190304, 19, 1903, 'PUERTO SANTO', 1),
(190305, 19, 1903, 'SAN JUAN DE LAS GALDONAS', 1),
(190401, 19, 1904, 'EL PILAR', 1),
(190402, 19, 1904, 'EL RINCÓN', 1),
(190403, 19, 1904, 'GENERAL FRANCISCO ANTONIO VÁSQUEZ', 1),
(190404, 19, 1904, 'GUARAÚNOS', 1),
(190405, 19, 1904, 'TUNAPUICITO', 1),
(190406, 19, 1904, 'UNIÓN', 1),
(190501, 19, 1905, 'BOLÍVAR', 1),
(190502, 19, 1905, 'MACARAPANA', 1),
(190503, 19, 1905, 'SANTA CATALINA', 1),
(190504, 19, 1905, 'SANTA ROSA', 1),
(190505, 19, 1905, 'SANTA TERESA', 1),
(190601, 19, 1906, 'CAPITAL BOLÍVAR', 1),
(190701, 19, 1907, 'YAGUARAPARO', 1),
(190702, 19, 1907, 'EL PAUJIL', 1),
(190703, 19, 1907, 'LIBERTAD', 1),
(190801, 19, 1908, 'ARAYA', 1),
(190802, 19, 1908, 'CHACOPATA', 1),
(190803, 19, 1908, 'MANICUARE', 1),
(190901, 19, 1909, 'TUNAPUY', 1),
(190902, 19, 1909, 'CAMPO ELÍAS', 1),
(191001, 19, 1910, 'IRAPA', 1),
(191002, 19, 1910, 'CAMPO CLARO', 1),
(191003, 19, 1910, 'MARABAL', 1),
(191004, 19, 1910, 'SAN ANTONIO DE IRAPA', 1),
(191005, 19, 1910, 'SORO', 1),
(191101, 19, 1911, 'CAPITAL MEJÍA', 1),
(191201, 19, 1912, 'CUMANACOA', 1),
(191202, 19, 1912, 'ARENAS', 1),
(191203, 19, 1912, 'ARICAGUA', 1),
(191204, 19, 1912, 'COCOLLAR', 1),
(191205, 19, 1912, 'SAN FERNANDO', 1),
(191206, 19, 1912, 'SAN LORENZO', 1),
(191301, 19, 1913, 'VILLA FRONTADO (MUELLE DE CARIACO)', 1),
(191302, 19, 1913, 'CATUARO', 1),
(191303, 19, 1913, 'RENDÓN', 1),
(191304, 19, 1913, 'SANTA CRUZ', 1),
(191305, 19, 1913, 'SANTA MARÍA', 1),
(191401, 19, 1914, 'ALTAGRACIA', 1),
(191402, 19, 1914, 'AYACUCHO', 1),
(191403, 19, 1914, 'SANTA INÉS', 1),
(191404, 19, 1914, 'VALENTÍN VALIENTE', 1),
(191405, 19, 1914, 'SAN JUAN', 1),
(191406, 19, 1914, 'RAÚL LEONI', 1),
(191407, 19, 1914, 'SANTA FE', 1),
(191501, 19, 1915, 'GUIRIA', 1),
(191502, 19, 1915, 'BIDEAU', 1),
(191503, 19, 1915, 'CRISTÓBAL COLÓN', 1),
(191504, 19, 1915, 'PUNTA DE PIEDRAS', 1),
(200101, 20, 2001, 'CAPITAL ANDRÉS BELLO', 1),
(200201, 20, 2002, 'CAPITAL ANTONIO RÓMULO COSTA', 1),
(200301, 20, 2003, 'AYACUCHO', 1),
(200302, 20, 2003, 'RIVAS BERTI', 1),
(200303, 20, 2003, 'SAN PEDRO DEL RÍO', 1),
(200401, 20, 2004, 'BOLÍVAR', 1),
(200402, 20, 2004, 'PALOTAL', 1),
(200403, 20, 2004, 'JUAN VICENTE GÓMEZ', 1),
(200404, 20, 2004, 'ISAÍAS MEDINA ANGARITA', 1),
(200501, 20, 2005, 'CÁRDENAS', 1),
(200502, 20, 2005, 'AMENODORO RANGEL LAMÚS', 1),
(200503, 20, 2005, 'LA FLORIDA', 1),
(200601, 20, 2006, 'CAPITAL CÓRDOBA', 1),
(200701, 20, 2007, 'FERNÁNDEZ FEO', 1),
(200702, 20, 2007, 'ALBERTO ADRIANI', 1),
(200703, 20, 2007, 'SANTO DOMINGO', 1),
(200801, 20, 2008, 'CAPITAL FRANCISCO DE MIRANDA', 1),
(200901, 20, 2009, 'CAPITAL GARCÍA DE HEVIA', 1),
(200902, 20, 2009, 'BOCA DE GRITA', 1),
(200903, 20, 2009, 'JOSÉ ANTONIO PÁEZ', 1),
(201001, 20, 2010, 'CAPITAL GUÁSIMOS', 1),
(201101, 20, 2011, 'INDEPENDENCIA', 1),
(201102, 20, 2011, 'JUAN GERMÁN ROSCIO', 1),
(201103, 20, 2011, 'ROMÁN CÁRDENAS', 1),
(201201, 20, 2012, 'JÁUREGUI', 1),
(201202, 20, 2012, 'EMILIO CONSTANTINO GUERRERO', 1),
(201203, 20, 2012, 'MONSEÑOR MIGUEL ANTONIO SALAS', 1),
(201301, 20, 2013, 'CAPITAL JOSÉ MARÍA VARGAS', 1),
(201401, 20, 2014, 'JUNÍN', 1),
(201402, 20, 2014, 'LA PETRÓLEA', 1),
(201403, 20, 2014, 'QUINIMARÍ', 1),
(201404, 20, 2014, 'BRAMÓN', 1),
(201501, 20, 2015, 'LIBERTAD', 1),
(201502, 20, 2015, 'CIPRIANO CASTRO', 1),
(201503, 20, 2015, 'MANUEL FELIPE RUGELES', 1),
(201601, 20, 2016, 'LIBERTADOR', 1),
(201602, 20, 2016, 'EMETERIO OCHOA', 1),
(201603, 20, 2016, 'DORADAS', 1),
(201604, 20, 2016, 'SAN JOAQUÍN DE NAVAY', 1),
(201701, 20, 2017, 'LOBATERA', 1),
(201702, 20, 2017, 'CONSTITUCIÓN', 1),
(201801, 20, 2018, 'CAPITAL MICHELENA', 1),
(201901, 20, 2019, 'PANAMERICANO', 1),
(201902, 20, 2019, 'LA PALMITA', 1),
(202001, 20, 2020, 'PEDRO MARÍA UREÑA', 1),
(202002, 20, 2020, 'NUEVA ARCADIA', 1),
(202101, 20, 2021, 'CAPITAL RAFAEL URDANETA', 1),
(202201, 20, 2022, 'SAMUEL DARÍO MALDONADO', 1),
(202202, 20, 2022, 'BOCONÓ', 1),
(202203, 20, 2022, 'HERNÁNDEZ', 1),
(202301, 20, 2023, 'LA CONCORDIA', 1),
(202302, 20, 2023, 'PEDRO MARÍA MORANTES', 1),
(202303, 20, 2023, 'SAN JUAN BAUTISTA', 1),
(202304, 20, 2023, 'SAN SEBASTIÁN', 1),
(202305, 20, 2023, 'DR. FRANCISCO ROMERO LOBO', 1),
(202401, 20, 2024, 'CAPITAL SEBORUCO', 1),
(202501, 20, 2025, 'CAPITAL SIMÓN RODRÍGUEZ', 1),
(202601, 20, 2026, 'SUCRE', 1),
(202602, 20, 2026, 'ELEAZAR LÓPEZ CONTRERAS', 1),
(202603, 20, 2026, 'SAN PABLO', 1),
(202701, 20, 2027, 'CAPITAL TORBES', 1),
(202801, 20, 2028, 'CAPITAL URIBANTE', 1),
(202802, 20, 2028, 'CÁRDENAS', 1),
(202803, 20, 2028, 'JUAN PABLO PEÑALOZA', 1),
(202804, 20, 2028, 'POTOSÍ', 1),
(202901, 20, 2029, 'CAPITAL SAN JUDAS TADEO', 1),
(210101, 21, 2101, 'SANTA ISABEL', 1),
(210102, 21, 2101, 'ARAGUANEY', 1),
(210103, 21, 2101, 'EL JAGUITO', 1),
(210104, 21, 2101, 'LA ESPERANZA', 1),
(210201, 21, 2102, 'BOCONÓ', 1),
(210202, 21, 2102, 'EL CARMEN', 1),
(210203, 21, 2102, 'MOSQUEY', 1),
(210204, 21, 2102, 'AYACUCHO', 1),
(210205, 21, 2102, 'BURBUSAY', 1),
(210206, 21, 2102, 'GENERAL RIVAS', 1),
(210207, 21, 2102, 'GUARAMACAL', 1),
(210208, 21, 2102, 'VEGA DE GUARAMACAL', 1),
(210209, 21, 2102, 'MONSEÑOR JÁUREGUI', 1),
(210210, 21, 2102, 'RAFAEL RANGEL', 1),
(210211, 21, 2102, 'SAN MIGUEL', 1),
(210212, 21, 2102, 'SAN JOSÉ', 1),
(210301, 21, 2103, 'SABANA GRANDE', 1),
(210302, 21, 2103, 'CHEREGUÉ', 1),
(210303, 21, 2103, 'GRANADOS', 1),
(210401, 21, 2104, 'CHEJENDÉ', 1),
(210402, 21, 2104, 'ARNOLDO GABALDÓN', 1),
(210403, 21, 2104, 'BOLIVIA', 1),
(210404, 21, 2104, 'CARRILLO', 1),
(210405, 21, 2104, 'CEGARRA', 1),
(210406, 21, 2104, 'MANUEL SALVADOR ULLOA', 1),
(210407, 21, 2104, 'SAN JOSÉ', 1),
(210501, 21, 2105, 'CARACHE', 1),
(210502, 21, 2105, 'CUICAS', 1),
(210503, 21, 2105, 'LA CONCEPCIÓN', 1),
(210504, 21, 2105, 'PANAMERICANA', 1),
(210505, 21, 2105, 'SANTA CRUZ', 1),
(210601, 21, 2106, 'ESCUQUE', 1),
(210602, 21, 2106, 'LA UNIÓN', 1),
(210603, 21, 2106, 'SABANA LIBRE', 1),
(210604, 21, 2106, 'SANTA RITA', 1),
(210701, 21, 2107, 'EL SOCORRO', 1),
(210702, 21, 2107, 'ANTONIO JOSÉ DE SUCRE', 1),
(210703, 21, 2107, 'LOS CAPRICHOS', 1),
(210801, 21, 2108, 'CAMPO ELÍAS', 1),
(210802, 21, 2108, 'ARNOLDO GABALDÓN', 1),
(210901, 21, 2109, 'SANTA APOLONIA', 1),
(210902, 21, 2109, 'EL PROGRESO', 1),
(210903, 21, 2109, 'LA CEIBA', 1),
(210904, 21, 2109, 'TRES DE FEBRERO', 1),
(211001, 21, 2110, 'EL DIVIDIVE', 1),
(211002, 21, 2110, 'AGUA SANTA', 1),
(211003, 21, 2110, 'AGUA CALIENTE', 1),
(211004, 21, 2110, 'EL CENIZO', 1),
(211005, 21, 2110, 'VALERITA', 1),
(211101, 21, 2111, 'MONTE CARMELO', 1),
(211102, 21, 2111, 'BUENA VISTA', 1),
(211103, 21, 2111, 'SANTA MARÍA DEL HORCÓN', 1),
(211201, 21, 2112, 'MOTATÁN', 1),
(211202, 21, 2112, 'EL BAÑO', 1),
(211203, 21, 2112, 'JALISCO', 1),
(211301, 21, 2113, 'PAMPÁN', 1),
(211302, 21, 2113, 'FLOR DE PATRIA', 1),
(211303, 21, 2113, 'LA PAZ', 1),
(211304, 21, 2113, 'SANTA ANA', 1),
(211401, 21, 2114, 'PAMPANITO', 1),
(211402, 21, 2114, 'LA CONCEPCIÓN', 1),
(211403, 21, 2114, 'PAMPANITO II', 1),
(211501, 21, 2115, 'BETIJOQUE', 1),
(211502, 21, 2115, 'LA PUEBLITA', 1),
(211503, 21, 2115, 'LOS CEDROS', 1),
(211504, 21, 2115, 'JOSÉ GREGORIO HERNÁNDEZ', 1),
(211601, 21, 2116, 'CARVAJAL', 1),
(211602, 21, 2116, 'ANTONIO NICOLÁS BRICEÑO', 1),
(211603, 21, 2116, 'CAMPO ALEGRE', 1),
(211604, 21, 2116, 'JOSÉ LEONARDO SUÁREZ', 1),
(211701, 21, 2117, 'SABANA DE MENDOZA', 1),
(211702, 21, 2117, 'EL PARAÍSO', 1),
(211703, 21, 2117, 'JUNÍN', 1),
(211704, 21, 2117, 'VALMORE RODRÍGUEZ', 1),
(211801, 21, 2118, 'ANDRÉS LINARES', 1),
(211802, 21, 2118, 'CHIQUINQUIRÁ', 1),
(211803, 21, 2118, 'CRISTÓBAL MENDOZA', 1),
(211804, 21, 2118, 'CRUZ CARRILLO', 1),
(211805, 21, 2118, 'MATRIZ', 1),
(211806, 21, 2118, 'MONSEÑOR CARRILLO', 1),
(211807, 21, 2118, 'TRES ESQUINAS', 1),
(211901, 21, 2119, 'LA QUEBRADA', 1),
(211902, 21, 2119, 'CABIMBÚ', 1),
(211903, 21, 2119, 'JAJÓ', 1),
(211904, 21, 2119, 'LA MESA', 1),
(211905, 21, 2119, 'SANTIAGO', 1),
(211906, 21, 2119, 'TUÑAME', 1),
(212001, 21, 2120, 'JUAN IGNACIO MONTILLA', 1),
(212002, 21, 2120, 'LA BEATRIZ', 1),
(212003, 21, 2120, 'MERCEDES DÍAZ', 1),
(212004, 21, 2120, 'SAN LUIS', 1),
(212005, 21, 2120, 'LA PUERTA', 1),
(212006, 21, 2120, 'MENDOZA', 1),
(220101, 22, 2201, 'CAPITAL ARÍSTIDES BASTIDAS', 1),
(220201, 22, 2202, 'CAPITAL BOLÍVAR', 1),
(220301, 22, 2203, 'CAPITAL BRUZUAL', 1),
(220302, 22, 2203, 'CAMPO ELÍAS', 1),
(220401, 22, 2204, 'CAPITAL COCOROTE', 1),
(220501, 22, 2205, 'CAPITAL INDEPENDENCIA', 1),
(220601, 22, 2206, 'CAPITAL JOSÉ ANTONIO PÁEZ', 1),
(220701, 22, 2207, 'CAPITAL LA TRINIDAD', 1),
(220801, 22, 2208, 'CAPITAL MANUEL MONGE', 1),
(220901, 22, 2209, 'CAPITAL NIRGUA', 1),
(220902, 22, 2209, 'SALOM', 1),
(220903, 22, 2209, 'TEMERLA', 1),
(221001, 22, 2210, 'CAPITAL PEÑA', 1),
(221002, 22, 2210, 'SAN ANDRÉS', 1),
(221101, 22, 2211, 'CAPITAL SAN FELIPE', 1),
(221102, 22, 2211, 'ALBARICO', 1),
(221103, 22, 2211, 'SAN JAVIER', 1),
(221201, 22, 2212, 'CAPITAL SUCRE', 1),
(221301, 22, 2213, 'CAPITAL URACHICHE', 1),
(221401, 22, 2214, 'CAPITAL VEROES', 1),
(221402, 22, 2214, 'EL GUAYABO', 1),
(230101, 23, 2301, 'ISLA DE TOAS', 1),
(230102, 23, 2301, 'MONAGAS', 1),
(230201, 23, 2302, 'SAN TIMOTEO', 1),
(230202, 23, 2302, 'GENERAL URDANETA', 1),
(230203, 23, 2302, 'LIBERTADOR', 1),
(230204, 23, 2302, 'MANUEL GUANIPA MATOS', 1),
(230205, 23, 2302, 'MARCELINO BRICEÑO', 1),
(230206, 23, 2302, 'PUEBLO NUEVO', 1),
(230301, 23, 2303, 'AMBROSIO', 1),
(230302, 23, 2303, 'CARMEN HERRERA', 1),
(230303, 23, 2303, 'GERMÁN RÍOS LINARES', 1),
(230304, 23, 2303, 'LA ROSA', 1),
(230305, 23, 2303, 'JORGE HERNÁNDEZ', 1),
(230306, 23, 2303, 'RÓMULO BETANCOURT', 1),
(230307, 23, 2303, 'SAN BENITO', 1),
(230308, 23, 2303, 'ARÍSTIDES CALVANI', 1),
(230309, 23, 2303, 'PUNTA GORDA', 1),
(230401, 23, 2304, 'ENCONTRADOS', 1),
(230402, 23, 2304, 'UDÓN PÉREZ', 1),
(230501, 23, 2305, 'SAN CARLOS DEL ZULIA', 1),
(230502, 23, 2305, 'MORALITO', 1),
(230503, 23, 2305, 'SANTA BÁRBARA', 1),
(230504, 23, 2305, 'SANTA CRUZ DEL ZULIA', 1),
(230505, 23, 2305, 'URRIBARRI', 1),
(230601, 23, 2306, 'SIMÓN RODRÍGUEZ', 1),
(230602, 23, 2306, 'CARLOS QUEVEDO', 1),
(230603, 23, 2306, 'FRANCISCO JAVIER PULGAR', 1),
(230701, 23, 2307, 'LA CONCEPCIÓN', 1),
(230702, 23, 2307, 'JOSÉ RAMÓN YEPES', 1),
(230703, 23, 2307, 'MARIANO PARRA LEÓN', 1),
(230704, 23, 2307, 'SAN JOSÉ', 1),
(230801, 23, 2308, 'JESÚS MARÍA SEMPRÚN', 1),
(230802, 23, 2308, 'BARÍ', 1),
(230901, 23, 2309, 'CONCEPCIÓN', 1),
(230902, 23, 2309, 'ANDRÉS BELLO', 1),
(230903, 23, 2309, 'CHIQUINQUIRÁ', 1),
(230904, 23, 2309, 'EL CARMELO', 1),
(230905, 23, 2309, 'POTRERITOS', 1),
(231001, 23, 2310, 'ALONSO DE OJEDA', 1),
(231002, 23, 2310, 'LIBERTAD', 1),
(231003, 23, 2310, 'CAMPO LARA', 1),
(231004, 23, 2310, 'ELEAZAR LÓPEZ CONTRERAS', 1),
(231005, 23, 2310, 'VENEZUELA', 1),
(231101, 23, 2311, 'LIBERTAD', 1),
(231102, 23, 2311, 'BARTOLOMÉ DE LAS CASAS', 1),
(231103, 23, 2311, 'RÍO NEGRO', 1),
(231104, 23, 2311, 'SAN JOSÉ DE PERIJÁ', 1),
(231201, 23, 2312, 'SAN RAFAEL', 1),
(231202, 23, 2312, 'LA SIERRITA', 1),
(231203, 23, 2312, 'LAS PARCELAS', 1),
(231204, 23, 2312, 'LUIS DE VICENTE', 1),
(231205, 23, 2312, 'MONSEÑOR MARCOS SERGIO GODOY', 1),
(231206, 23, 2312, 'RICAURTE', 1),
(231207, 23, 2312, 'TAMARE', 1),
(231301, 23, 2313, 'ANTONIO BORJAS ROMERO', 1),
(231302, 23, 2313, 'BOLÍVAR', 1),
(231303, 23, 2313, 'CACIQUE MARA', 1),
(231304, 23, 2313, 'CARACCIOLO PARRA PÉREZ', 1),
(231305, 23, 2313, 'CECILIO ACOSTA', 1),
(231306, 23, 2313, 'CRISTO DE ARANZA', 1),
(231307, 23, 2313, 'COQUIVACOA', 1),
(231308, 23, 2313, 'CHIQUINQUIRÁ', 1),
(231309, 23, 2313, 'FRANCISCO EUGENIO BUSTAMANTE', 1),
(231310, 23, 2313, 'IDELFONSO VßSQUEZ', 1),
(231311, 23, 2313, 'JUANA DE AVILA', 1),
(231312, 23, 2313, 'LUIS HURTADO HIGUERA', 1),
(231313, 23, 2313, 'MANUEL DAGNINO', 1),
(231314, 23, 2313, 'OLEGARIO VILLALOBOS', 1),
(231315, 23, 2313, 'RAÚL LEONI', 1),
(231316, 23, 2313, 'SANTA LUCÍA', 1),
(231317, 23, 2313, 'VENANCIO PULGAR', 1),
(231318, 23, 2313, 'SAN ISIDRO', 1),
(231401, 23, 2314, 'ALTAGRACIA', 1),
(231402, 23, 2314, 'ANA MARÍA CAMPOS', 1),
(231403, 23, 2314, 'FARÍA', 1),
(231404, 23, 2314, 'SAN ANTONIO', 1),
(231405, 23, 2314, 'SAN JOSÉ', 1),
(231501, 23, 2315, 'SINAMAICA', 1),
(231502, 23, 2315, 'ALTA GUAJIRA', 1),
(231503, 23, 2315, 'ELÍAS SÁNCHEZ RUBIO', 1),
(231504, 23, 2315, 'GUAJIRA', 1),
(231601, 23, 2316, 'EL ROSARIO', 1),
(231602, 23, 2316, 'DONALDO GARCÍA', 1),
(231603, 23, 2316, 'SIXTO ZAMBRANO', 1),
(231701, 23, 2317, 'SAN FRANCISCO', 1),
(231702, 23, 2317, 'EL BAJO', 1),
(231703, 23, 2317, 'DOMITILA FLORES', 1),
(231704, 23, 2317, 'FRANCISCO OCHOA', 1),
(231705, 23, 2317, 'LOS CORTIJOS', 1),
(231706, 23, 2317, 'MARCIAL HERNßNDEZ', 1),
(231801, 23, 2318, 'SANTA RITA', 1),
(231802, 23, 2318, 'EL MENE', 1),
(231803, 23, 2318, 'JOSÉ CENOVIO URRIBARRI', 1),
(231804, 23, 2318, 'PEDRO LUCAS URRIBARRI', 1),
(231901, 23, 2319, 'MANUEL MANRIQUE', 1),
(231902, 23, 2319, 'RAFAEL MARÍA BARALT', 1),
(231903, 23, 2319, 'RAFAEL URDANETA', 1),
(232001, 23, 2320, 'BOBURES', 1),
(232002, 23, 2320, 'EL BATEY', 1),
(232003, 23, 2320, 'GIBRALTAR', 1),
(232004, 23, 2320, 'HERAS', 1),
(232005, 23, 2320, 'MONSEÑOR ARTURO CELESTINO ALVAREZ', 1),
(232006, 23, 2320, 'RÓMULO GALLEGOS', 1),
(232101, 23, 2321, 'LA VICTORIA', 1),
(232102, 23, 2321, 'RAFAEL URDANETA', 1),
(232103, 23, 2321, 'RAÚL CUENCA', 1),
(240101, 24, 2401, 'CARABALLEDA', 1),
(240102, 24, 2401, 'CARAYACA', 1),
(240103, 24, 2401, 'CARUAO', 1),
(240104, 24, 2401, 'CATIA LA MAR', 1),
(240105, 24, 2401, 'EL JUNKO', 1),
(240106, 24, 2401, 'LA GUAIRA', 1),
(240107, 24, 2401, 'MACUTO', 1),
(240108, 24, 2401, 'MAIQUETÍA', 1),
(240109, 24, 2401, 'NAIGUATÁ', 1),
(240110, 24, 2401, '	RAÚL LEONI', 1),
(240111, 24, 2401, 'CARLOS SOUBLETTE', 1);

--
-- Índices para tablas volcadas
--

--
-- Indices de la tabla `clientes`
--
ALTER TABLE `clientes`
  ADD PRIMARY KEY (`id_cliente`);

--
-- Indices de la tabla `concecionarios`
--
ALTER TABLE `concecionarios`
  ADD PRIMARY KEY (`id_concecionario`);

--
-- Indices de la tabla `estados`
--
ALTER TABLE `estados`
  ADD PRIMARY KEY (`codestado`);

--
-- Indices de la tabla `miembros`
--
ALTER TABLE `miembros`
  ADD PRIMARY KEY (`id_miembros`),
  ADD UNIQUE KEY `usuario` (`usuario`);

--
-- Indices de la tabla `municipios`
--
ALTER TABLE `municipios`
  ADD PRIMARY KEY (`codmunicipio`),
  ADD KEY `codestado` (`codestado`);

--
-- Indices de la tabla `parroquias`
--
ALTER TABLE `parroquias`
  ADD PRIMARY KEY (`codparroquia`),
  ADD KEY `codestado` (`codestado`),
  ADD KEY `codmunicipio` (`codmunicipio`);

--
-- AUTO_INCREMENT de las tablas volcadas
--

--
-- AUTO_INCREMENT de la tabla `clientes`
--
ALTER TABLE `clientes`
  MODIFY `id_cliente` int(11) NOT NULL AUTO_INCREMENT, AUTO_INCREMENT=29;
--
-- AUTO_INCREMENT de la tabla `concecionarios`
--
ALTER TABLE `concecionarios`
  MODIFY `id_concecionario` int(11) NOT NULL AUTO_INCREMENT, AUTO_INCREMENT=4;
--
-- AUTO_INCREMENT de la tabla `estados`
--
ALTER TABLE `estados`
  MODIFY `codestado` int(10) UNSIGNED NOT NULL AUTO_INCREMENT, AUTO_INCREMENT=25;
--
-- AUTO_INCREMENT de la tabla `miembros`
--
ALTER TABLE `miembros`
  MODIFY `id_miembros` int(11) NOT NULL AUTO_INCREMENT, AUTO_INCREMENT=8;
--
-- AUTO_INCREMENT de la tabla `municipios`
--
ALTER TABLE `municipios`
  MODIFY `codmunicipio` int(4) UNSIGNED NOT NULL AUTO_INCREMENT, AUTO_INCREMENT=2402;
--
-- AUTO_INCREMENT de la tabla `parroquias`
--
ALTER TABLE `parroquias`
  MODIFY `codparroquia` int(4) UNSIGNED NOT NULL AUTO_INCREMENT, AUTO_INCREMENT=240112;
/*!40101 SET CHARACTER_SET_CLIENT=@OLD_CHARACTER_SET_CLIENT */;
/*!40101 SET CHARACTER_SET_RESULTS=@OLD_CHARACTER_SET_RESULTS */;
/*!40101 SET COLLATION_CONNECTION=@OLD_COLLATION_CONNECTION */;
